:020000040000fa
:080000000002040000000000f2
:020000040000fa
:04000800b40400003c
:020000040000fa
:04000c00b404000038
:020000040000fa
:04001000b404000034
:020000040000fa
:04001400b404000030
:020000040000fa
:04001800b40400002c
:020000040000fa
:04001c00b404000028
:020000040000fa
:04002000b404000024
:020000040000fa
:04002400b404000020
:020000040000fa
:04002800b40400001c
:020000040000fa
:04002c006a03000063
:020000040000fa
:04003000b404000014
:020000040000fa
:040034005e04000066
:020000040000fa
:04003800b40400000c
:020000040000fa
:04003c00e2030000db
:020000040000fa
:04004000b404000004
:020000040000fa
:04004400c8020000ee
:020000040000fa
:04004800b4040000fc
:020000040000fa
:04004c00b4040000f8
:020000040000fa
:04005000b4040000f4
:020000040000fa
:040054002203000083
:020000040000fa
:04005800b4040000ec
:020000040000fa
:04005c007e0400001e
:020000040000fa
:04006000b4040000e4
:020000040000fa
:04006400b4040000e0
:020000040000fa
:04006800b4040000dc
:020000040000fa
:04006c00b4040000d8
:020000040000fa
:04007000b4040000d4
:020000040000fa
:04007400b4040000d0
:020000040000fa
:04007800b4040000cc
:020000040000fa
:04007c00b4040000c8
:020000040000fa
:04008000b4040000c4
:020000040000fa
:04008400b4040000c0
:020000040000fa
:04008800b4040000bc
:020000040000fa
:04008c00b4040000b8
:020000040000fa
:04009000b4040000b4
:020000040000fa
:04009400b4040000b0
:020000040000fa
:04009800b4040000ac
:020000040000fa
:04009c00b4040000a8
:020000040000fa
:0400a000b4040000a4
:020000040000fa
:0400a400b4040000a0
:020000040000fa
:0400a800b40400009c
:020000040000fa
:0400ac00b404000098
:020000040000fa
:0400b000b404000094
:020000040000fa
:0400b400b404000090
:020000040000fa
:0400b800b40400008c
:020000040000fa
:0400bc00b404000088
:020000040000fa
:0400c000b404000084
:020000040000fa
:0400c400b404000080
:020000040000fa
:0400c800b40400007c
:020000040000fa
:0400cc00b404000078
:020000040000fa
:0400d000b404000074
:020000040000fa
:0400d400b404000070
:020000040000fa
:0400d800b40400006c
:020000040000fa
:0400dc00b404000068
:020000040000fa
:0400e000b404000064
:020000040000fa
:0400e400b404000060
:020000040000fa
:0400e800b40400005c
:020000040000fa
:0400ec00b404000058
:020000040000fa
:0400f000b404000054
:020000040000fa
:0400f400b404000050
:020000040000fa
:0400f800b40400004c
:020000040000fa
:0400fc00b404000048
:020000040000fa
:04010000b404000043
:020000040000fa
:04010400b40400003f
:020000040000fa
:04010800b40400003b
:020000040000fa
:04010c00b404000037
:020000040000fa
:04011000b404000033
:020000040000fa
:04011400b40400002f
:020000040000fa
:04011800b40400002b
:020000040000fa
:04011c00b404000027
:020000040000fa
:04012000b404000023
:020000040000fa
:04012400b40400001f
:020000040000fa
:04012800b40400001b
:020000040000fa
:04012c00b404000017
:020000040000fa
:04013000b404000013
:020000040000fa
:04013400b40400000f
:020000040000fa
:04013800b40400000b
:020000040000fa
:04013c00b404000007
:020000040000fa
:04014000b404000003
:020000040000fa
:04014400b4040000ff
:020000040000fa
:04014800b4040000fb
:020000040000fa
:04014c00b4040000f7
:020000040000fa
:04015000b4040000f3
:020000040000fa
:04020800b40400003a
:020000040000fa
:04020c00b404000036
:020000040000fa
:04021000b404000032
:020000040000fa
:04021400b40400002e
:020000040000fa
:04021800b40400002a
:020000040000fa
:04021c00b404000026
:020000040000fa
:04022000b404000022
:020000040000fa
:04022400b40400001e
:020000040000fa
:04022800b40400001a
:020000040000fa
:04022c006a03000061
:020000040000fa
:04023000b404000012
:020000040000fa
:040234005e04000064
:020000040000fa
:04023800b40400000a
:020000040000fa
:04023c00e2030000d9
:020000040000fa
:04024000b404000002
:020000040000fa
:04024400c8020000ec
:020000040000fa
:04024800b4040000fa
:020000040000fa
:04024c00b4040000f6
:020000040000fa
:04025000b4040000f2
:020000040000fa
:040254002203000081
:020000040000fa
:04025800b4040000ea
:020000040000fa
:04025c007e0400001c
:020000040000fa
:04026000b4040000e2
:020000040000fa
:04026400b4040000de
:020000040000fa
:04026800b4040000da
:020000040000fa
:04026c00b4040000d6
:020000040000fa
:04027000b4040000d2
:020000040000fa
:04027400b4040000ce
:020000040000fa
:04027800b4040000ca
:020000040000fa
:04027c00b4040000c6
:020000040000fa
:04028000b4040000c2
:020000040000fa
:04028400b4040000be
:020000040000fa
:04028800b4040000ba
:020000040000fa
:04028c00b4040000b6
:020000040000fa
:04029000b4040000b2
:020000040000fa
:04029400b4040000ae
:020000040000fa
:04029800b4040000aa
:020000040000fa
:04029c00b4040000a6
:020000040000fa
:0402a000b4040000a2
:020000040000fa
:0402a400b40400009e
:020000040000fa
:0402a800b40400009a
:020000040000fa
:0402ac00b404000096
:020000040000fa
:0402b000b404000092
:020000040000fa
:0402b400b40400008e
:020000040000fa
:0402b800b40400008a
:020000040000fa
:0402bc00b404000086
:020000040000fa
:0402c000b404000082
:020000040000fa
:0402c400b40400007e
:020000040000fa
:0402c800b40400007a
:020000040000fa
:0402cc00b404000076
:020000040000fa
:0402d000b404000072
:020000040000fa
:0402d400b40400006e
:020000040000fa
:0402d800b40400006a
:020000040000fa
:0402dc00b404000066
:020000040000fa
:0402e000b404000062
:020000040000fa
:0402e400b40400005e
:020000040000fa
:0402e800b40400005a
:020000040000fa
:0402ec00b404000056
:020000040000fa
:0402f000b404000052
:020000040000fa
:0402f400b40400004e
:020000040000fa
:0402f800b40400004a
:020000040000fa
:0402fc00b404000046
:020000040000fa
:04030000b404000041
:020000040000fa
:04030400b40400003d
:020000040000fa
:04030800b404000039
:020000040000fa
:04030c00b404000035
:020000040000fa
:04031000b404000031
:020000040000fa
:04031400b40400002d
:020000040000fa
:04031800b404000029
:020000040000fa
:04031c00b404000025
:020000040000fa
:04032000b404000021
:020000040000fa
:04032400b40400001d
:020000040000fa
:04032800b404000019
:020000040000fa
:04032c00b404000015
:020000040000fa
:04033000b404000011
:020000040000fa
:04033400b40400000d
:020000040000fa
:04033800b404000009
:020000040000fa
:04033c00b404000005
:020000040000fa
:04034000b404000001
:020000040000fa
:04034400b4040000fd
:020000040000fa
:04034800b4040000f9
:020000040000fa
:04034c00b4040000f5
:020000040000fa
:04035000b4040000f1
:020000040000fa
:10040000afbd20000eff20000e018800000000009c
:10041000000020000000e000020032000001200087
:100420002002880014000700510107000000e000ce
:1004300003003a004041250001002000020037007f
:100440000000200001002000810f70000100320038
:1004500014000700000020000000e000020032004d
:10046000000002000000000012370200000000003f
:100470000040da000000fe004440a900a050200027
:100480000000e0000300320000002000a00188000e
:100490004440a800000006008a1f78008b1f7800e7
:1004a0000000060091018800800478000000eb0045
:1004b0001a003700e284440032a0b4009905ba0063
:1004c000e284440032a0b4009906ba00e2844400f9
:1004d00032a0b4000006eb00476fde00fd07b2005b
:1004e000636ce10003003a00ebff07000000eb0043
:1004f0000a003700606ce10004003a00005deb0088
:100500008b05e900fdff3e00040037006168e10053
:10051000010032000086eb000b00070019c7ba008b
:100520001905ba000e04e00003003a000a00e000da
:10053000e0ff3a0000000600fe07b2009e018800be
:100540008a047800f5ff3700395dba008b05e900b1
:100550000c003200295dba008b05e900080032006a
:100560000c00e00003003a00e284440032a0b40032
:10057000f5ff370019ddba008b05e900faff3a00f4
:100580008904e800e184440032a0b40000000600c1
:100590003600f800809fbe00829fbe00849fbe0090
:1005a000869fbe000000fa0084e0a9005b150700ea
:1005b000e5cabf000040e800e5eab700e5cabf00b1
:1005c000e24f500018003a00e56aef0050528000f8
:1005d0006152800061004000e08048005052880075
:1005e0006152880052cabf000004e0000b003200d4
:1005f000525280006352800070528000815280000d
:100600000000510081805900e00f5000e08f580039
:1006100002003500cce2a800526aef005052800080
:1006200061528000a00b07000080fa004f03be005b
:100630004f02be004f01be004f00be003600f90061
:1006400000400600809fbe00821f78000200fa0072
:100650008560a9001200370030118000004f78003b
:10066000d3cabf000040e8000074a1001047980002
:10067000d4cabf009e40900080cf500008003200d6
:10068000d3cabf008080fb0030a52000008040005e
:100690001e4878001e41900031ad2000824878004d
:1006a00010118000610060000000e000eaff3a00e5
:1006b00010118000620060000000e00001003200c4
:1006c0002222a9000080fa004f0178004f00be00ee
:1006d000004006003600f800809fbe00829fbe00ea
:1006e000849fbe00869fbe000400fa000040eb001d
:1006f000004f78008420a900100a8000700060007c
:100700000000e0000f00320010c0b3007cebb70027
:100710000d003700000a800010079800c0b62000c6
:100720001000be0061004000e0804800c2b620001a
:100730000089be00c05b80000000e800c05b88004c
:100740000100370000000000100a8000680060000f
:100750000000e0000800320010c0b3009e407800a6
:10076000e7cf5000010036000040eb001e4fe800cc
:100770000004e000e7ff3a001e009000c15b80002b
:1007800000022000808f500003003e007ccbbf00a1
:100790000004e0000400320010c0b3007cebb7009e
:1007a00030c0b300f61207000080fa004f03be000d
:1007b0004f02be004f01be004f00be003600f900e0
:1007c000004006003600f800809fbe00829fbe00f9
:1007d000849fbe00869fbe000400fa000040eb002c
:1007e000004f780084a0a900300a800070006000eb
:1007f0000000e0001100320010c0b3007debb70034
:100800000f003700200a800010079800c0b62000b3
:10081000b00090002000900061004000e08048009f
:10082000c2b620002001980031019800d05b800002
:100830000000e800d05b88000100370000000000e5
:10084000300a8000680060000000e000080032000c
:1008500010c0b3009e407800e7cf50000100360082
:100860000040eb001e4fe8000004e000e5ff3a0006
:100870001e009000d15b800000022000808f50009d
:1008800003003e007dcbbf000004e0000400320006
:1008900010c0b3007debb70040c0b300b812070032
:1008a0000080fa004f03be004f02be004f01be00a1
:1008b0004f00be003600f90000400600809fbe00d9
:1008c000829fbe000000fa008460a900a25b800045
:1008d000b35b8000000020001100200002004000f7
:1008e00083804800a05b8800b15b88000080fa002c
:1008f0004f01be004f00be00004006003600f80069
:10090000809fbe00829fbe00849fbe00869fbe0067
:100910000400fa0001188000010f7800e1b7200000
:10092000914078002147980085a0a90000c0eb0005
:100930007eebb7002e409000e14f500003003e00d8
:100940009e0078002e409000790b07000080fa008e
:100950004f03be004f02be004f01be004f00be005d
:100960003600f900004006000040da000000fe00fa
:10097000000005006022b800060220000000d00040
:100980008180d2000482d2008582d2000000a000c3
:100990000202520083825a00030031000202420028
:1009a00083824a000000a1000603e900f3ff3a0039
:1009b00000000600889fbe008a9fbe0030044200ef
:1009c000b0844a0030054b0090854b006000b100b8
:1009d0000898be000a90be000440e10005c8e1008e
:1009e00006d0e10007d8e1000200310068004000b5
:1009f0001008e8004f05be004f04be0000000600ce
:100a0000889fbe008a9fbe003004be002005be0045
:100a10000418540005985c0006185d0007985d00f6
:100a2000110020000440e10005c8e10006d0e1000b
:100a300007d8e100010039008000eb0010881000a9
:100a40004f05be004f04be00000006001200fa0071
:100a5000889fbe008a9fbe008c9fbe00e0b79f00ab
:100a6000f1b79f0082bf9f0093bf9f000605be00a5
:100a70000404be000000eb00d0b79f00c0b79f0089
:100a8000b0b79f00a0b79f0090b79f000006780006
:100a90005fb19700cfb09700820141003fb097004f
:100aa0000200e00004003d00370007007e80570090
:100ab000c0ff070003003700330007007e805700a7
:100ac000cfff0700dfb697000d00e0000c003500f7
:100ad0006fb29700ffb297000fbb97009fbb9700c4
:100ae00010002000010020006011b8000002720018
:100af0008182720002037300838373001b0007006e
:100b00000c06e80001042000810f5600e0ff3a00c7
:100b10000d00e00004003d000802be000a03be0014
:100b20007e805700a3ff07005fa897000000e00049
:100b300005003a001fb29700afb297003fb397008d
:100b4000cfb39700090007006fb09700ffb0970080
:100b50000fb997009fb997004f06be004f05be0022
:100b60004f04be000080fa000000060001000700ec
:100b700000000600a4b79f00b5b79f00c6b79f004e
:100b8000d7b79f00000006004f09de008281710088
:100b9000b3b79f004f01de0081804000828070006b
:100ba000a1b79f008fb097004f09de000000400002
:100bb0000200700090b79f007fa897004f01de00f1
:100bc000818040008280700081b79f000d00070087
:100bd0004f3ade000000400004007000f0af9f00bc
:100be000080007000402420085824a0006034b0009
:100bf00087834b00dfff07000802be000a03be0028
:100c0000000006002fb29700bfb297004fb39700c5
:100c1000dfb3970000000600881f7800180020004e
:100c2000881f780089ff07008f87e9004f0478004c
:100c300000000600801feb0084ff07008f87e9009b
:100c400000000600889fbe008a9fbe00e00f500093
:100c5000e08f5800e00f5900e08f59000c003d0074
:100c60006044b8006055b8000000540081805c000a
:100c700002015d0083815d0018002000150007005f
:100c800008003d00180007000004eb0005003700d5
:100c90000004eb000f00070002003d0012000700f7
:100ca00018002000dcff07000800e000060032000a
:100cb0006022b8006033b8000000520081805a0002
:100cc00002015b0083815b004f05be004f04be0044
:100cd00000000600e00f5200e08f5a00e00f5b00ba
:100ce000e08f5b00000006006044b8006055b8006b
:100cf0000402540085825c0006035d0087835d006a
:100d000000000600889fbe008a9fbe008c1f7800ee
:100d1000e00f5000e08f5800e00f5900e08f5900bd
:100d20000d003d006044b8006055b800000054005c
:100d300081805c0002015d0083815d001c00200059
:100d40000820e10009a8e1000ab0e1000bb8e100c9
:100d50000d003d00080037000006eb00e00f5200d8
:100d6000e08f5a00e00f5b00e08f5b0006003d0063
:100d70006044b8006055b8000402540085825c00ed
:100d800006035d0087835d00aaff07000c00e000fa
:100d9000060032006022b8006033b8000000520044
:100da00081805a0002015b0083815b004f0678005e
:100db0004f05be004f04be0000000600889fbe0025
:100dc0008a9fbe008c1f78000006eb00e00f5000e9
:100dd000e08f5800e00f5900e08f590007003d00f8
:100de0006044b8006055b8000000540081805c0089
:100df00002015d0083815d001c002000e00f5200b5
:100e0000e08f5a00e00f5b00e08f5b0007003d00c1
:100e10006044b8006055b8000402540085825c004c
:100e200006035d0087835d000c00a2000c00070034
:100e30000c00e000060032006022b8006033b80009
:100e40000000520081805a0002015b0083815b0038
:100e50004f0678004f05be004f04be00000006009c
:100e6000889fbe008a9fbe008c9fbe000404b8000d
:100e70000506b8008904460060854e000606b800e5
:100e80000a054600e0854e000706b8008b054600bf
:100e9000040eb800890446000a854e00e0854d0026
:100ea000050eb8000a0546008b854e00060eb800f8
:100eb0008b0546000416b8000a0546008b854e00d7
:100ec0000516b8008b054600041eb8008b054600c9
:100ed0000800be000a01be004f06be004f05be005e
:100ee0004f04be00000006000000fa00e881570031
:100ef0004fb99700d40207000080fa0000000600f6
:100f0000f8000700500107008401070000020700f5
:100f10002802070045030700f0023700800178002f
:100f200002003700b15978000201e9000200e00038
:100f3000fcff3a0000000600889fbe008a9fbe00aa
:100f4000800478000200e0005b003200014078007d
:100f5000814c780082814400f1f99f00e20f51003a
:100f60005500360091449800a1449800e1f99f0093
:100f7000d1f99f00e60f51004f003600b1449800b0
:100f8000c1f99f00e80f51004b0036000905ea0047
:100f9000630565000a8444000a055100c1ff2f0063
:100fa000010565000080fb008000eb0012102000ae
:100fb0001310200013060700008cbe000a01440035
:100fc00060b99f0071b99f00e80f55003a003600e4
:100fd00020049800310498004004980051049800bf
:100fe00020b99f0031b99f0040b99f0051b99f00bf
:100ff000f80f550030003600600498007104980026
:10100000000c9800110c9800200c9800310c9800ee
:10101000400c9800510c980020b19f0031b19f0006
:1010200040b19f0051b19f0060b19f0071b19f001e
:1010300000b99f0011b99f0064016400780141006c
:1010400002044400020555006011b8000203be000e
:101050000002be000403be006022b800000072005f
:1010600081807200020173008381730010003700d9
:10107000009cbe000294be004004980051049800f9
:101080006204980073049800000c9800110c9800fa
:10109000220c9800330c9800400c9800510c9800da
:1010a000620c9800730c98000a02b1000802b000ac
:1010b000ff0f5500eeff3e00090078004f05be000f
:1010c0004f04be0000000600889fbe000004be0062
:1010d000080078004d0007000000440089007800f7
:1010e00043000700080078004f04be00000006001f
:1010f000881f780001047800880078000500070048
:10110000904f1400010032000000eb004f04780003
:1011100000000600881f7800000478008180fb0032
:101120000a003a0008007800380007000000440078
:10113000220037001804e000200032000804e80014
:101140001081fb00810f51001c0032000800780064
:101150000808a300f7ff3a0014102000048ab90021
:101160000801780038007800f5ef2f0080824200f7
:101170008081ea0083826200030828008382620083
:1011800007003a0000006a00f5ef2f00808242005d
:101190000080ea000080620083016000f0ff3200fe
:1011a000020078001204e000040032000201e800ae
:1011b0009081fb00818f5100f9ff3a004f047800c5
:1011c00000000600810178000002780030417800bc
:1011d000b14f510002003a000204e000f9ff3a006a
:1011e0009480fb001380fb0000805000000006008c
:1011f000881f78000004780008007800f2040700d7
:10120000080078004f047800000006008000780095
:10121000040037003104e00002003a0000005100f1
:1012200000000600010178000108a300f9ff3a0060
:101230008101780031017800f4ef2f0002024200b2
:101240000281ea0002016200040828000401610032
:10125000f7ff320083007800010178003104e000dc
:10126000fdff3a0000005100000006008001eb0085
:101270000200e00010003200000278000103780054
:10128000b44178000304e00008003200b142780065
:101290000504e0000500320082034000848f530003
:1012a0000200320085cf5100f4ff32008381fb0041
:1012b0001680fb00808151000300780000000600ca
:1012c000889fbe000004be0008007800cfff070022
:1012d0000001e8000800be00ae0407004f04be0095
:1012e00000000600ec874700889fbe008a9fbe0072
:1012f0008c9fbe008e1f78000006780001047800e5
:10130000180790002805900098067800cdb79f0038
:10131000b80590003202be002203be000400be00e9
:101320000601be004f18de006011b8008000eb001f
:10133000d0b79f00e1b79f00f2b79f0083bf9f0027
:10134000800478000900e000060032006000b80068
:101350006011b8000402500085825800060359004d
:10136000878359000e00e000020035000d10a10037
:10137000cdb79f000900e00005003a004fb097008c
:101380000028a30002003a000038a3000200320047
:101390008a00e900010037008a007800f8815700d0
:1013a000a200200008007800860007000900e00085
:1013b00003003a00cfb097000128a30008003200d4
:1013c0000000e90000814500b1c2b3000900e0005f
:1013d00001003200d1c2b300014978000500370096
:1013e0000138a300030032000000e90001c2b3008d
:1013f00081757800480190000201e9000001510068
:10140000808045004fb297008a0178000c00780078
:10141000510207009c0090000188a30004003200e4
:1014200098009000810f500001003d0001007800fd
:101430004f0778004f06be004f05be004f04be00a8
:10144000cf00b100000006000200fa00889fbe0035
:101450008a9fbe00800578000104780002007800b1
:10146000180190002805900098007800b1bf9f00f7
:10147000b80490000200e000020035000110a10055
:10148000b1bf9f00ea815700820020008a007800e7
:101490003002be002003be000800780049000700ab
:1014a0003fb99700f0006100030032000000e9003e
:1014b00001c3b300817478003fb99700e800610070
:1014c000030032000000e90001c2b300817478001b
:1014d000480190000201e9000001510080804400b1
:1014e0003fba97008a0178000b0078001a020700c3
:1014f0009b0090000188a300040032009800900037
:10150000810f500001003d00010078004f05be0032
:101510004f04be000080fa0000000600ea87470082
:10152000889fbe008a9fbe008e1f7800000478004e
:10153000030078007287570084e2260055c7260012
:10154000049fbe00c3962200030f78006c875700eb
:10155000004feb0011059000a10490009105780068
:101560000200e000020032000207780001003700ac
:10157000728757000000e00002003a000e00780079
:1015800022ff07000a00e000030035008a0f500028
:10159000010036000a0078000b027800890178000b
:1015a000000178008e00780008007800ea0107004a
:1015b0004f0778004f05be004f04be00af00b100da
:1015c00000000600f4874700889fbe008a9fbe0087
:1015d0008c9fbe008e1f78000605be000404be006e
:1015e00081bf9f0082b79f00f3b79f00b0009000bb
:1015f000e1b79f001301780092b79f00900690001a
:10160000400090000000e900000678000d00e000b6
:1016100001003d001d0020008040eb00efb197006d
:10162000817178001e0020001f0037000c06e900c1
:101630000fb09700cf80de006109b900a0b79f000e
:10164000b1b79f00c2b79f00d3b79f000203be008f
:101650000002be000800be000a01be0075fd0700c2
:10166000000778000e4078000043b000efb097000c
:1016700080707e008d06e9000fb997000201e90035
:1016800082bf9f002fb29700bfb297004fb3970061
:10169000dfb397000800be000a01be005efd070030
:1016a0000205be000004be000c00e0000d00340086
:1016b000e00f5400e08f5c00e00f5d00e08f5d0004
:1016c000daff3a000d00e000d8ff3c008fb9970028
:1016d0000300e000030034001fb097000018a300cf
:1016e000d2ff3a000e00e00002003a00ffb097007f
:1016f0001140a1000c0078004f0778004f06be0093
:101700004f05be004f04be004f01b10000000600af
:101710000200fa00889fbe008a9fbe000005780084
:10172000010478000200780018019000a8049000dd
:1017300098007800b1bf9f00b80590000200e0005b
:10174000020035000110a100b1bf9f00ea815700df
:10175000a2002000890078003002be002003be00f5
:101760000800780097ff0700480190000201e90097
:1017700000015100808045003fba97008901780040
:101780000a007800740107009a0090000188a30005
:101790000400320098009000810f500001003d00cd
:1017a000010078004f05be004f04be000080fa0023
:1017b00000000600fa874700889fbe008a9fbe008f
:1017c0008c9fbe008e1f7800800478000104780092
:1017d000820578001801900028059000180778000d
:1017e000b80090000200e000020035000e10a100d9
:1017f000010037001200200070006700e0b79f0072
:10180000090032003b02be002b03be00e00f520075
:10181000e08f5a00e00f5b00e08f5b0002003200b7
:101820008a86e900010037008a067800e80267002e
:10183000f5b79f00010032008d06e9003b02be00b3
:101840002b03be00e4af9f00f5af9f0086b79f005b
:1018500097b79f00480690000c06e9000040eb0097
:1018600080707e00efb297007fb297008903780006
:1018700081047800d8af9f00020478008bbf9f00de
:101880008a057800034578002a0037000c06e90035
:101890006fab97006f006300e90f500002003c003f
:1018a0000003b000010037007005b0000a03fb0020
:1018b0001604b100f90f53000c003e00000378003d
:1018c0000650a0001606b100f90f530007003e00b5
:1018d000b4b79f00a5b79f00c7b79f00610307007b
:1018e000cfb39700afb297003fb2970080747e00ed
:1018f0000804e9008d06e9006fa89700ffa897008b
:101900000fb197009fb19700460020008301d100de
:101910000281d3008180d3000080d3000603e90058
:10192000faff3a00e0af9f00f1af9f0082b79f003f
:1019300093b79f00e10f56000f0034006fa8970087
:10194000ffa897000fb197009fb19700e00f5000dc
:10195000e08f5800e00f5900e08f5900cbff3a00ac
:101960000800e000c9ff3c000d00e0000200340068
:101970000e18a300c5ff3a0089007800f4b79f0055
:10198000870478005fac97008a4178000b057800e7
:101990008fbd97000500e000100032003b02be0042
:1019a0002b03be00e4af9f00f5af9f0086b79f00fa
:1019b00097b79f00e00f5200e08f5a00e00f5b00e6
:1019c000e08f5b00050032000c06e90083707e00aa
:1019d0000c06e90000c3b30080707e00ffb29700e0
:1019e0000500e000030032000c06e90000c2b3006d
:1019f00080707e00480190000201e9000c01510056
:101a00008c8040000e0278008a017800090078007e
:101a1000d1000700990090000188a3000400320063
:101a200098009000810f500001003d0001007800f7
:101a30004f0778004f06be004f05be004f04be00a2
:101a4000af01b10000000600f28747008e1f78004a
:101a500002027800030178000000e000020032007a
:101a60000007780001003700728757008002eb0002
:101a70000100e000010032008102e900708057009f
:101a8000060009000018eb000080eb0080bf9f00fb
:101a90002310200093bf9f00aebf9f00b1bf9f00e7
:101aa000c5bf9f000100e00003003d00b10420001d
:101ab000c15e880006003700004feb00eebf9f00bc
:101ac000debf9f008400780070805700ec020700a2
:101ad0004f0778002f01b1000000060084082000a5
:101ae000848f50001d0032000d003c0014082000bf
:101af000848f50002700320002003c0004082000c0
:101b00000400370024082000848f50003400320085
:101b100044082000848f500043003a00360037000c
:101b2000040a2000848f50002700320004003c008b
:101b300004092000848f50003b003a002800370041
:101b4000020c2000828f50002f003200020f200074
:101b5000828f500034003a002b0037009380e90058
:101b60000200e00005003200810978001102fb004c
:101b7000cfa2de00612bb900280037008109780070
:101b8000114278000482fb008002eb006033b80051
:101b90002200370013027800e40052000200e00047
:101ba00005003200810978001102be004fabde0053
:101bb0008603780019003700810978001102be0001
:101bc0006033b800150037009380e9008109780080
:101bd00011027800cfa2de00612bb9000f003700a0
:101be00093027800e8805200810978003102be003b
:101bf0002103be00090037009380e9000200e000e5
:101c000002003200f1ff37009380e900810978007b
:101c1000110278008002eb006033b8000498be0027
:101c20000690be00100005000000050044082000da
:101c3000848f50002500320008003c00140820006a
:101c4000848f50001400320024082000848f50003c
:101c500024003200040820000c0037000409200092
:101c6000848f50001f00320004003c0084082000d4
:101c7000848f500024003a000e003700040a200030
:101c8000848f500011003200040c2000848f50001b
:101c90001d003a000d0037009380e90081097800ab
:101ca0009100780001087800cf91de008288be00a4
:101cb000140037009380e9008109780091007800d2
:101cc00001087800824878000e0037009380e90010
:101cd0008109780091007800010878008208780076
:101ce000080037009380e9008109780091007800ae
:101cf000010878006112b900612bb9008498be0018
:101d00008690be001000050000000500889fbe0000
:101d1000000478004800900082047800808f54000e
:101d20000100360080047800090178005800900016
:101d30007afc070058009000090040005004980009
:101d4000c800900089845000490498000048eb00c6
:101d50004f04be0000000600f2874700889fbe00c7
:101d60008a9fbe008c9fbe008e1f78008004780082
:101d7000010578000204780083057800610762009d
:101d800002003a008b0f5400080039000801780067
:101d90008a00780009007800dcff07008b0f5400f0
:101da00002003900880578001e00370008865500bb
:101db0000c017800f00f56000100360002012000ef
:101dc000010220007e8057005bfc07008c06780033
:101dd0000500370002012000fe805700090078004e
:101de000caff0700f0865600ef8f5600f9ff3e004d
:101df0004461de0000ff2f000091b900020146009f
:101e0000fe80570009007800c0ff07000e00e000c8
:101e100004003a00080178008a0078000900780080
:101e2000baff07000b0078004f0778004f06be008e
:101e30004f05be004f04be002f01b1000000060098
:101e4000000005000000050000000500000178000a
:101e50000040eb008080fb008180400023bc20001c
:101e600063c278000404e00003003a0030bc2000a4
:101e700060c078000000060092017800934f520085
:101e800004003a0030bc200060c078000309e8007c
:101e9000010037000040e800ea4f5000edff360037
:101ea00000000600f6874700889fbe008a9fbe009c
:101eb0008c9fbe008e1f780000057800010478001a
:101ec00083057800040678000000eb00c0b79f008f
:101ed0008080eb00d1b79f00e0b79f00f2b79f0072
:101ee0000008200080bf9f00980078000100780063
:101ef0008004eb00010037008904e80030417800dd
:101f00000204e0000300320053c2b300834f5100cb
:101f1000f9ff3a000900e0000400320009017800ee
:101f20000a00780079ff0700188c44001807780031
:101f300050c2b3009e4f10003f013a000e07e80068
:101f40000e0c780010003700cfb097000100a00001
:101f50000b003700cfb097000110a0000800370039
:101f6000cfb097000120a00005003700cfb0970048
:101f70000130a00002003700cfb097000140a00060
:101f8000c1b79f00000ce80018007800904078006e
:101f9000b2c2b30082cf5000f1ff320007003c0014
:101fa00002c2b30082cf5000f0ff320032c2b30051
:101fb00082cf500007003a00efff3700d2c2b300d3
:101fc00082cf5000e0ff320002c3b30082cf500046
:101fd000e0ff3200a2c2b30082cf50000d003a00f1
:101fe000000ce8001c80e900000e7800100078006a
:101ff000e0b79f000000e0000f003d00cfb0970069
:102000000100a200c1b79f000000ea00e0b79f00f6
:102010000900370039010700e0b79f0001003700d1
:10202000000ce800180078009000fb000103b100ec
:10203000e98f5000faff36004fb097000008a30068
:10204000020032000010a100c0b79f001800780005
:10205000e1c2b30090cf100016003a008000eb0000
:10206000d1b79f000000e800000c7800a1c2b300c7
:1020700090cf100006003a00000ce8001c80e90038
:10208000000e780010007800d0b79f0009003700dc
:102090001a010700d0b79f0001003700000ce800cc
:1020a000180078009000fb000103b100e98f500098
:1020b000faff36000800780064ff070080467800c9
:1020c000180078001000fb005f0107009106200057
:1020d000810f50003800320012003c004106200001
:1020e000810f5000340032000a003c00110620002d
:1020f000810f50002000320031062000810f500077
:10210000a000320051022000810f5000bc003a00b4
:10211000b400370071062000810f5000b8003c0069
:102120008800370001072000810f50005c0032005a
:1021300007003c00e1062000810f50007a003200c9
:10214000f1062000810f5000ad003a003900370041
:1021500051072000810f5000270032008107200026
:10216000810f50004200320031072000810f5000e3
:10217000a3003a008f0037008d80fb000c0178002f
:1021800000fe2f000f0040004b0107000000e000a0
:10219000a800320018007800000ce8009041780098
:1021a00002fe2f000f014100f88057000a0078005e
:1021b00024ff07000e0037008d80fb008c017800a3
:1021c0001200200000fe2f000f00400043fe070019
:1021d0000000e00097003200180ce80002fe2f001b
:1021e0000f014100f88057000a0078003dfc07000d
:1021f00080844400900037008d80fb008c017800c3
:102200000001eb0000fe2f000f00400033fe07002e
:102210000000e00087003200180ce80002fe2f00ea
:102220000f014100f88057000a00780038fd0700d0
:10223000efff37008d80fb008c0178000001eb0080
:1022400000fe2f000f00400024fe07000000e00009
:1022500078003200180ce80002fe2f000f01410048
:10226000f88057000a00780077fc0700e0ff37008d
:102270008d80fb008c0178000001eb0000fe2f0038
:102280000f00400015fe07000000e000690032006a
:1022900018007800000ce800904178001c0037001e
:1022a0008c0178000001eb00010f200000fe2f00e0
:1022b0000f00400009fe07000000e0005d00320052
:1022c000180ce8000fb097009fb097002fb197004f
:1022d000bfb19700e00f5000e08f5800e00f5900a9
:1022e000e08f590009003a00cfb597006fb497000e
:1022f000a0bb2000c5fb07000b0278008801780016
:1023000000017800a1bb20004700370083c7b3005d
:1023100002fe2f000f014100f88057000a007800ec
:1023200024fd0700b2ff37000b8144008d80fb00c5
:102330008c01780000fe2f000f0040003bfe0700dc
:102340003c0037008d80fb000c01780000fe2f0060
:102350000f004000d80007000000e0003500320008
:1023600018007800000ce8009041780002fe2f0071
:102370000f014100f88057000a007800b1fe070005
:102380009bff370000c8b30080cf560029003a00f9
:10239000180ce8001c80e900000e7800104078005e
:1023a000e0df9f0013002000e2fd2f000f0141003d
:1023b0000800370000c8b30080cf56001d003a0067
:1023c000180ce8001c80e900000e78008001eb008a
:1023d00010017800f88057000a0078004ffc0700d1
:1023e00083ff370000c8b30080cf560011003a00c9
:1023f000180ce8004fb29700efb1970008003700c3
:102400000e0c78000000eb00c0b79f00e0b79f0003
:102410000080eb00d0b79f000002eb008401780041
:102420001200200001bc20000a0078004afe0700cc
:102430006fff3700180ce800090078004f0778009c
:102440004f06be004f05be004f04be006f01b10035
:10245000000006008200fa00889fbe008a1f7800f4
:102460000005780082047800c13f9f000004eb0063
:10247000100037000902780088017800a2f72f00c9
:102480000f01410081f72f008f8040000a00780083
:1024900084fe070008004000880f500004003d0043
:1024a000b0042000c05e88000084eb000400370008
:1024b000000478004f3897001004e000edff3a0068
:1024c000080078004f0578004f04be000080fa0035
:1024d00000000600800078001000200002022000aa
:1024e000828f500004003200e9805000e48f5000d9
:1024f000010036000000eb0000000600889fbe00cf
:102500008a1f7800000578000a0478009844780053
:102510000805e8000900fb00eeff07000000e000ee
:10252000f9ff3a00b0c2b30080cf5400050032007a
:10253000d0c2b3008000eb0080cf540005003a0009
:10254000020037008000eb0001003700110020007e
:102550000804e8000000eb00030037006a02b9003d
:10256000020052000003b0003801fb0003fd2f0001
:1025700082814100e98f5100f8ff36000100e00040
:1025800001003a000000ea004f0578004f04be0049
:10259000000006008180fb00060037000201e90010
:1025a00082014000604279000482fb00810f5200ea
:1025b000030032000200e000f8ff3a0000000500ce
:1025c0000300780000000600010178008001780017
:1025d000008268000408a3000500320013003700e1
:1025e00032407800805978000004e0001400320086
:1025f000030278000208a300f9ff3a000300780004
:10260000010037000318780082007800b2017800da
:10261000f5ef2f00838242000382ea000482620009
:102620000508280005026200f6ff3200000278006b
:1026300031417800025878000204e000fbff3a00c4
:102640000400780000000600f1fb2f0080804000ad
:10265000f98f500001003e000050a000000006006d
:10266000f9ff3700f1f92f0080804000f98f50000a
:1026700001003e00f005b20000000600f9ff37003f
:102680000200fa00881f780000047800e2bf9f0073
:1026900064815700080078006eff070098009000e2
:1026a0000148a300010032000080eb004f047800d5
:1026b0000080fa0000000600881f780000047800ff
:1026c00000082000808f50001700350010082000ff
:1026d000808f50000b00340030082000808f5000a5
:1026e00011003a00920078006880500000097800dc
:1026f0003002be002003be00049cbe000694be0053
:1027000007003700920278006480520000097800c8
:102710001000be0007000700009cbe000294be002f
:1027200010002000010037000000eb004f0478008b
:1027300000000600810378001d0007000001be00b4
:102740006000b8000478a30013003a006220e100a2
:1027500015003e000d0039008301d1000281d30035
:102760008180d3008301d1000281d3008180d30016
:102770008301d1000281d3008180d3000538b000ed
:10278000c42add00f300b2008381720007f0a700c5
:1027900003f0a0000000060083ff270002002000d5
:1027a0006110b900f9ff370003ff2700f7ff37007a
:1027b000c70ade00f107b200f50fb20008003200d0
:1027c000e1cf4200020032000170a00024000500a9
:1027d000810f70000100320004080500440005006c
:1027e000810f700002003a00140005008502e90024
:1027f0000000400081c04800fcff3b000170a000c9
:1028000024000500020ab900001bb9000200b8004c
:0c2810008100420081004300000006002f
:020000040000fa
:10281c005241000030000000524100003100000025
:10282c00524100003400000052420000350000000c
:10283c0052420000360000000e940000129400007a
:10284c00169400001a9400001e9400004f460000dd
:10285c004600000044490000004400004f00000006
:10286c004144000043000000505700004d000000a0
:10287c00434f0000554e000054000000465200002b
:10288c0045510000000000002c9400003094000022
:10289c0033940000369400003a9400003e940000fb
:1028ac0044940000504900004e3d00002573000088
:1028bc003b4d00004f440000453d000025730000d7
:1028cc003b4100003d2500006c7500003b420000c0
:1028dc003d2500006c7500003b4300003d250000c9
:1028ec006c7500003b4400003d2500006c75000039
:1028fc003b4500003d2500006c7500003b46000088
:10290c003d2500006c7500000042000041440000b1
:10291c005f41000052470000554d0000454e00003d
:10292c005400000041550000584300004150000085
:10293c0000410000555800003d3100003b500000a4
:10294c00494e0000533d000052410000302c000065
:10295c0052410000312c000052410000342c000088
:10296c0052420000352c000052420000363b000061
:10297c0041440000435f00004d410000583d000001
:10298c0031300000303000003b500000574d00004b
:10299c005f4d0000494e00003d310000303b00000f
:1029ac00505700004d5f00004d410000583d0000a5
:1029bc003130000030300000303000003b4e000061
:1029cc00564d00003d3100003b5000004f4c0000c4
:1029dc004c5f00004d4900004e3d000035300000ba
:1029ec00300000004f460000462c00004449000017
:1029fc002c4400004f2c0000434f0000554e0000ab
:102a0c00542c00004652000045510000004f0000bd
:102a1c00464600002c440000492c0000444f0000a6
:102a2c002c500000574d00002c4300004f55000067
:102a3c004e5400002c46000052450000510000008e
:102a4c004f460000462c0000444900002c44000076
:102a5c004f2c00004144000043000000504900008e
:102a6c004e3d0000257300003b4d00004f4400001c
:102a7c00455300003d250000730000004155000047
:102a8c005847000045540000004100005558000014
:102a9c0053450000540000004155000058520000fe
:102aac004541000044000000504900004e3d00002c
:102abc00257300003b4d00004f440000453d0000d5
:102acc00257300003b560000414c000055450000aa
:102adc003d250000753b0000434f0000554e0000a3
:102aec00543d0000256c0000753b0000485a000066
:102afc003d2500006c7500003b4600004155000070
:102b0c004c5400003d250000753b00005641000070
:102b1c004c490000443d00002575000000410000b8
:102b2c00555800005341000056450000005300006a
:102b3c0041560000454400003d3100003b4300007d
:102b4c00484100004e470000454400003d30000065
:102b5c000053000041560000454400003d31000088
:102b6c003b4300004f5500004e54000045520000fe
:102b7c00533d000052450000534500005400000036
:102b8c004e5600004d5f000045520000524f0000b1
:102b9c005200000041550000584e0000564d0000f8
:102bac00004c00004f41000044450000443d000033
:102bbc00257500003b4400004952000054590000a8
:102bcc003d250000753b00005343000048450000c4
:102bdc004d4100003d31000000490000324300002f
:102bec0047450000540000004b4800005a3d0000cf
:102bfc00257500003b4d0000415800003d250000ac
:102c0c00753b00004c430000443d0000257500005e
:102c1c0000490000324300005345000054000000fe
:102c2c0049320000435f00004c430000445f000049
:102c3c0031300000304b0000004b0000485a0000bf
:102c4c003d2500007500000049320000435800008b
:102c5c00464500005200000042410000445f000065
:102c6c004144000044520000455300005300000052
:102c7c0049320000435f00004c430000445f0000f9
:102c8c0052450000534500005256000045440000d8
:102c9c0000490000324300005f4e00004143000039
:102cac004b5f0000544900004d4500004f5500009b
:102cbc005400000044410000544100003d0000005d
:102ccc0000030000010600000401000001300000b8
:102cdc003132000033340000353600003738000044
:102cec00394100004243000044450000460000000a
:102cfc00544b0000317c0000007c000000300000d0
:102d0c003132000033340000353600003738000013
:102d1c0039410000424300004445000046000000d9
:102d2c004d4f0000444500003d4900003243000077
:102d3c003b41000044440000523d0000004d0000a7
:102d4c004f440000453d000050410000524100003e
:102d5c004c4c0000454c00003b410000444400003a
:102d6c00523d0000003b00004f4b00003d31000085
:102d7c00003b00004f4b00003d300000004f0000b6
:102d8c004b000000544b0000310000004241000099
:102d9c00445f0000464f0000524d000041540000bb
:102dac00004500005252000000480000454c000055
:102dbc004c4f0000004d00004f440000454c0000fb
:102dcc003d5400004b4c0000494e00004b2d0000c0
:102ddc004143000043450000535300002d300000d8
:102dec00313b0000485700003d4100003b460000cd
:102dfc00573d0000302e0000332e0000313b000008
:102e0c0043410000503d0000414300004345000099
:102e1c00535300002c4b000045590000504100005a
:102e2c00442c00004c430000442c00004c43000098
:102e3c00445f00004d4f0000444500002c42000050
:102e4c00555a00005a450000522c00004255000013
:102e5c00545400004f4e0000532c0000415500000c
:102e6c00583100003b500000524f0000544f0000fe
:102e7c003d31000000530000544100005455000047
:102e8c00530000005354000041540000453d000025
:102e9c004c4f0000434b00004f5500005400000005
:102eac005354000041540000453d00004f500000b9
:102ebc00454e0000005300005441000054450000f2
:102ecc003d4300004c4f00005345000044000000ff
:102edc004155000054480000004c00004f430000d6
:102eec004b4f0000555400000041000055540000a9
:102efc00483d00003100000042410000445f0000ea
:102f0c00504900004e0000004f500000454e00009c
:102f1c000041000055540000485f0000524500007d
:102f2c00515500004952000045440000004c00007f
:102f3c004344000047450000540000004c4300008f
:102f4c00445300004554000000420000555300005b
:102f5c005900000050410000524100004c4c000050
:102f6c00454c000000490000324300002c000000da
:102f7c0042410000445f0000414400004452000004
:102f8c00455300005300000042410000445f000024
:102f9c0041520000475500004d4500004e540000c2
:102fac00004c0000434400005f4900003243000025
:102fbc005f450000525200004f52000000410000db
:102fcc005558000000490000324300000041000049
:102fdc0055580000534500005400000041550000b6
:102fec0058530000415600004500000049320000d3
:102ffc0043530000455400000049000032430000d8
:10300c005846000045520000005500004e4b000091
:10301c004e4f0000574e00005f4300004f4d000024
:10302c004d4100004e440000004200005945000094
:10303c000053000045530000534900004f4e000060
:10304c003d4500004e4400004544000000000000d7
:10305c00544b0000204c0000494e00004b20000057
:10306c004143000043450000535300000050000052
:10307c00494e00003a200000000000000000000053
:10308c000000000000000000000000000000000034
:10309c003235000038300000004900006e67000037
:1030ac00726500007365000020500000494e00005e
:1030bc0020230000004100007065000072740000c5
:1030cc0075720000612000006163000074690000eb
:1030dc00766100000041000063630000657300002e
:1030ec006f20000070650000726d000069740000b4
:1030fc00696400006f0000004573000070650000fb
:10310c0072650000203300003020000073000000c6
:10311c004163000063650000736f000020620000d3
:10312c006c6f00007175000065610000646f000039
:10313c00004900006e740000656e000074650000ac
:10314c0020640000652000006e75000065760000ac
:10315c006f000000504900004e200000696e000016
:10316c00636f00007272000065630000746f0000f2
:10317c000000000042410000445f00004d4f000081
:10318c004445000000420000414400005f52000032
:10319c00414e000047450000004100004443000040
:1031ac005f5300004841000052450000445f00009e
:1031bc00424900005453000000500000574d0000dd
:1031cc005f5300004841000052450000445f00007e
:1031dc0046520000455100000042000041440000ee
:1031ec005f41000052470000554d0000454e000065
:1031fc005400000001000000080000004000000026
:10320c000001000031320000334100003435000071
:10321c003642000037380000394300002a300000e5
:04322c002344000037
:020000040000fa
:103230000a00fa0030079800410798006000b800c3
:10324000008fbe000040eb00404798003e00900019
:10325000104078000004e00033003a000040eb002a
:103260003a0037003e00900010407800804078001f
:1032700000cdb30000c04000504798003e009000d1
:103280000000e800300798005e409000e94f5000d1
:1032900011003e004e4090000040e800404798007a
:1032a0004e409000ea4f50000b003e005e40900000
:1032b0000080fb008000eb000080ea008180ea00d3
:1032c000a200200003002000aaf50700be0f500056
:1032d000ae8f5800020031000040eb001b003700a9
:1032e0001e0090006a00b900000178001e007800fe
:1032f0006000b90000007800000141009e007800e5
:10330000a00020000008b800010141008200780000
:103310005e4190000281fb008001eb00021f400033
:103320000397480001003700000000003e009000b5
:10333000104078000004e000caff3a004e00900000
:103340003e1878002e10780010c0b3000080fa00fc
:10335000000006000400fa00100798000040eb008f
:10336000004f78000d0037001e80fb0080004000f9
:103370002042290000804000100078008000780082
:103380001e0090008ff707000000e00002003a00e6
:103390001e80fb00050037001e4fe8001e4078002d
:1033a000e44f5000f0ff36000080eb000080fa0090
:1033b000000006000400fa00100798000040eb002f
:1033c000004f78000d0037001e80fb008000400099
:1033d000a0442900008040001000780080007800a0
:1033e0001e00900077f707000000e00002003a009e
:1033f0001e80fb00050037001e4fe8001e407800cd
:10340000e64f5000f0ff36000080eb000080fa002d
:10341000000006000a00fa00200798003107980013
:10342000024f98000040eb00004f78000e489000db
:103430009e40780080cf500002003a000040eb0030
:10344000170037001e80fb0000004000be00900007
:1034500000804000ae009000010878001e4fe80098
:10346000c10220002e00900021f7070010079800ed
:103470001e0090000000e00002003a001e407800ac
:10348000070037001e0090008040eb0001487800e4
:103490001e0090000000e80020079800e3ff3700be
:1034a0000080fa00000006000800fa0020079800db
:1034b00031079800d40a07000040eb00004f780065
:1034c000960037001e80fb007a00b900800078006b
:1034d000008020000080400010007800e10f5000c4
:1034e0008d003a001e407800610707000080fb0055
:1034f000100798001e80fb007a00b90000007800d9
:10350000f2004000208820000080400090007800f9
:103510001e009000808f50000e0032001e80fb00c5
:103520007a00b900800078004089200000804000c7
:103530009e009000010878001e80fb007a00b90010
:103540008000780060892000008040008000eb004f
:10355000010878001e80fb007a00b90000007800a6
:10356000f400400020882000008040009000780097
:10357000803e2000808f50000d003e001e81fb0029
:103580007a10b90000007800f40040002088200084
:1035900000804000100078008001e8007a10b90037
:1035a00080007800608920000080400003087800d7
:1035b0001e80fb007a00b90000007800f000400097
:1035c0002088200000804000900078001e009000bd
:1035d000808f5000500032001e80fb007a00b9003e
:1035e00000007800f40040002088200000804000a7
:1035f000100078006101b8001e80fb007a00b9005d
:1036000000007800ea0040000080200000804000b8
:103610001000be00800f5100818f59003e0039001c
:103620001e80fb007a00b90080007800208920000d
:10363000008040009e009000010878001e80fb0082
:103640007a00b90000007800e60040000080200009
:10365000008040001001be0030002000010020006a
:10366000800f5100818f59001e0032001e00900013
:103670000000e0000c0032001e80fb007a00b90060
:1036800000007800e600400000802000008040003c
:103690001001be001000200001002000800f51002a
:1036a000818f59000f0032001e0090000000e000e2
:1036b00019003a001e80fb007a00b9000000780073
:1036c000e600400000802000008040001001be00a5
:1036d0002000200001002000800f5100818f590040
:1036e0000d003a001e81fb007a10b90080007800be
:1036f00020882000008040001000be0061004000d3
:10370000e08048007a11b900820178002288200008
:10371000028141000089be001e4fe8001e40780073
:10372000e44f500067ff36000080fa0000000600fa
:103730000a00fa00889fbe008a9fbe00604798007a
:10374000410798006e4090000080fb007a00b900ad
:1037500000007800f200400000802000008040005f
:103760001001be0012079800230798006e409000d9
:103770000080fb007a00b900800078000080200003
:103780000080400010007800e30f50004f013a0025
:103790006e4090000082fb006e4090000080fb00b5
:1037a000c500dd0040902000008040001001be00f8
:1037b0004e0090008000eb00020040008380480033
:1037c000c521dd0042902000028141000089be0039
:1037d0006e4090000080fb00c500dd007c81400051
:1037e0004190200081004100914078000141e800b3
:1037f000c501dd00019220008180410082487800ef
:103800004500dd00fc0040004090200000804000aa
:10381000104078000081fb008001eb006e409000ba
:103820000080fb007a00b90000007800ee00400044
:1038300000802000008040001000be00800f51007a
:10384000818f5900230139006e4090000080fb00f9
:10385000c500dd0040902000008040001001be0047
:103860006e4090000080fb004500dd00fc00400041
:103870004090200000804000104078000080fb0055
:103880000000d100004078000080fb008000eb00c9
:1038900002024000838248006e4090000080fb00de
:1038a0004500dd00fc00400040902000008040000a
:1038b000104078000080fb008000eb000001be009b
:1038c0000400be002bf40700000f78006e4090004b
:1038d0000080fb00c500dd0040902000008140001a
:1038e0006000b8000089be006e4090000080fb00c0
:1038f000c500dd0000922000008040008040eb0009
:10390000014878001e019000ae01900010002000d8
:1039100001002000800f5100818f59007c003a0087
:103920006e4090000082fb006e4090000080fb0023
:103930004500dd00e4004000409020000080400091
:103940001001be006e4090008080fb006e40900031
:103950000080fb004500dd00fc024000409020009c
:1039600000804200104090000080fb00c408dd0091
:103970000080400066004000800040004090200031
:1039800000804000100078008000eb000000510033
:1039900081805900c521dd00829020000281410014
:1039a0000089be006e4090008080fb006e40900059
:1039b0000080fb004500dd007c01400040902000bd
:1039c00000004100104090000080fb00c408dd00b2
:1039d00000804000660040008000400040902000d1
:1039e000008040001e0878006e4090000082fb00be
:1039f0006e4090000080fb004500dd00e4004000c8
:103a000040902000008040001001be001e007800a1
:103a10008000eb000200400083804800c521dd00eb
:103a200082902000028141000089be006e4090001b
:103a30000080fb00ee4090008180fb00c508dd00a7
:103a40007c81400041902000810041009140900025
:103a50008140e800e7c060004501dd0000922000e1
:103a600000004100114098006e4090000080fb0073
:103a70004500dd00fe004000409020000080400036
:103a800010407800e74f50000c003e006e40900060
:103a90000080fb00c500dd007e81400041902000d9
:103aa00081004100914078008140e8004501dd003f
:103ab0002092200000004100014878006e409000f4
:103ac0000080fb004500dd00e40040004090200045
:103ad000008040001002be006e4090000080fb009d
:103ae0004500dd00fe0040004090200000804000c6
:103af000104078000080fb008000eb000001be0059
:103b00000400be009bf30700000f78006000370040
:103b10001e019000ae019000200020000100200056
:103b2000800f5100818f590059003a006e4090007b
:103b30000080fb004500dd00fe00400040902000ba
:103b400000804000104078000004e00014003a00bb
:103b50006e4090000082fb001e0078006101b800fa
:103b60004818dd00c810de00810070004810dd003c
:103b7000c521dd00c2902000028141000089be0005
:103b80006e4090000080fb00c500dd002092200008
:103b90000080400011c0b3000148780028003700c1
:103ba0006e4090000083fb006e4090000080fb00a0
:103bb0004500dd00e800400040902000008040000b
:103bc0001001be001e0078008000eb00480add00f6
:103bd000c802de00850272004802dd006e409000df
:103be0000080fb004500dd00e80040004090200020
:103bf000008040001000be000000520081805a008a
:103c0000e00f5000e08f580002003d0067004000c8
:103c1000e08048004d0add004305de000a05720021
:103c2000c38dde000a00be00020040008380480011
:103c3000c531dd00c2902000028141000089be0034
:103c40006e4090000080fb004500dd00e800400071
:103c500040902000008040001000be000008b0002e
:103c60000180b000e00f5000e08f580002003d00de
:103c7000f00fb0000180b0004809dd004804de000c
:103c800008047100c88cde000800be00000f780038
:103c90006e4090000080fb007a00b9008000780040
:103ca00020892000008040001e0878006e409000af
:103cb0000080fb00c500dd00209220000080400055
:103cc00011c0b3001140980003003700000000004d
:103cd00001003700000000004f05be004f04be0089
:103ce0000080fa00000006001400fa00889fbe0061
:103cf0008a9fbe008c1f7800000f9800110f98005b
:103d00000040eb00004f7800af0037001e80fb0042
:103d10007a00b90080007800008020000080400018
:103d200010007800e30f500008003a001e80fb00ee
:103d30007a00b90000007800f60040000080200002
:103d4000008040001000be00070037001e80fb000e
:103d50007a00b900000078008080e8000080200030
:103d6000008040001000be00100798002107980056
:103d70001e80fb007a00b9008000780000802000df
:103d80000080400010007800e30f500032003a003d
:103d90001e80fb007a00b90000007800e4004000bb
:103da00020882000008040001000be000e09900016
:103db0009e09900000015100818159001e00900071
:103dc000ae009000800f5100818f59007d003900b6
:103dd0009e81fb001e80fb007a00b9000000780085
:103de000f000400020882000008040001001780092
:103df0007a18b90080007800808920000080400097
:103e0000020878001e80fb009e80fb00c508dd00d4
:103e10007e814000419020008100410011419000ce
:103e20007a00b90080007800a0892000008040005e
:103e3000024878001e80fb007a00b90080007800fc
:103e400060882000008040000e0990009e099000cc
:103e50000288be005b0037001e80fb007a00b900bc
:103e60008000780000802000008040001000780072
:103e7000e50f5000080032001e80fb007a00b900f8
:103e80008000780000802000008040001000780052
:103e9000e60f50004b003a001e80fb007a00b9008c
:103ea00000007800e40040002088200000804000ee
:103eb0001000be000e0990009e0990000000510005
:103ec0008180590030079800410798003e0190001a
:103ed000ce0190001e009000ae009000800f5100b7
:103ee000818f590037003900ee0047006a00470013
:103ef00001017800800078001e4078006905070005
:103f00001e86fb005e019000ee0190001e80fb000b
:103f10007a00b90000007800e80040002088200006
:103f2000008040001000be00000051008180590058
:103f30006011b800843e2000050020006033b80006
:103f40009ef307000205be000004be003e00900084
:103f5000ce0090006011b8000203be000002be0057
:103f60000800be000a01be002bf307000000be00df
:103f70007a61b90082017800e28820000281410064
:103f80000089be001e81fb005e009000ee009000e4
:103f90007a11b90082017800a288200002814100d4
:103fa0000089be001e80fb007a00b9008000780006
:103fb00060882000008040000e0990009e0990005b
:103fc0000288be001e4fe8001e407800e44f5000fb
:103fd0004eff36004f0678004f05be004f04be006e
:103fe0000080fa00000006000400fa0040062000ed
:103ff00010079800220820008000eb0000802000bd
:10400000cdf30700220820008000eb00208820006c
:10401000c9f30700020420008000eb00409020005c
:10402000c5f307000e80e8008000780000802000c3
:104030000819070044e9b7000040eb00004f780082
:104040000e0037001e80fb007a00b9008000780067
:104050000080200000804000028020008000780066
:104060001e4078000d1407000000e000020032003e
:104070004469ef00040037001e4fe8001e4078003e
:10408000e44f5000efff360044c9bf000004a20017
:104090000004e00006003200220820008000eb004f
:1040a00000802000a4f307004006200010079800bd
:1040b0004f180700e14f500002003a004006200070
:1040c000100798001e009000201007009c070700b2
:1040d00000802000be0707004569ef000080fa005d
:1040e000000006000a00fa00889fbe008a9fbe00fa
:1040f0008c9fbe0020479800210798002e4090001a
:104100000080fb007a00b900800078000080200069
:10411000008f40001e007800300e9000c00e90000e
:104120001e007800100d9000a00d90001e00780079
:1041300070049000800c90001e00780050039000e6
:10414000e00390001e00780030029000c002900052
:104150001e00780010019000a00190001e00780061
:104160001000780080004000a0442900008040003a
:1041700010007800400798002e4090000080fb005f
:10418000000040003007980020422900be00900047
:1041900000804000100078008c9fbe008a9fbe0007
:1041a000889fbe00869fbe00849fbe00829fbe0087
:1041b000ce009000811f7800801f78008045290084
:1041c000801f7800010920002e00900046f30700b0
:1041d000fe8757004f06be004f05be004f04be00cd
:1041e0000080fa00000006000200fa00004f78008c
:1041f000f0c2b3009e40780080cf5000070034002a
:1042000090c3b3009e40780080cf500003003c0074
:104210001e00fb000003b1000c00370000c4b30017
:104220009e40780080cf50000700340060c4b30087
:104230009e40780080cf500003003c001e00fb0031
:104240007003b100010037000080eb000080fa002d
:10425000000006008000fa00889fbe00203f980002
:10426000313f9800423f9800533f9800643f9800c8
:10427000753f98005e3890008040eb000148780060
:10428000d2002000b14829004e38900023f30700e7
:10429000814929002e389000caf307000000e00091
:1042a0002e003a003e389000104078000004e000f4
:1042b00008003a0092052000f14929004e3890008c
:1042c00016f307005e38900011c0b3000148780073
:1042d000650337003e3890001efc07005007980029
:1042e0005e0090000000e0005f0335005e0090007b
:1042f000e10f5000070034005e009000e20f500014
:1043000002003a00804f290001003700d0502900f8
:104310000100370060522900de009000018140005a
:10432000214229008100410091007800801f78001f
:10433000811f780040532900801f78000109200068
:104340004e389000e8f20700e68757005e3890008c
:1043500011c0b300014878004303370041542900dd
:104360002e38900097f307000000e0000e003a009e
:104370003e389000f7fb0700500798005e00900061
:104380000000e000380335005e0090000040780037
:10439000ce38900053ff07005e38900011c0b30084
:1043a0000148780030033700b15429002e389000be
:1043b00084f307000000e000a7003a00c0022000dc
:1043c0000e004000a20120008000eb00daf207009e
:1043d0007800470082c0b300800078003e3890002b
:1043e0000cfc0700404f98004e489000e14f5000f1
:1043f000060036004e089000d6fb070050079800d4
:104400005e0090000000e00002003d0010c0b3001c
:10441000160337005e089000e6fb0700700798005f
:104420007e0090000000e00002003d0010c0b300dc
:104430000e0337007e009000601798004e489000f1
:104440008080fb006e109000626629006240780058
:104450000080fb000080e800808f500002003200e6
:1044600010c0b3000103370020c0b300004f780034
:10447000120037001e80fb000080e9004200dd00d2
:10448000c10220008e8040008180e80080804000d2
:104490001e80fb0000004000000047004008900024
:1044a00063fb07000004a2000004e00002003200e9
:1044b00010c0b300ed0237001e4fe8004e489000d8
:1044c0009e40780080cf5000eaff39005e009000e7
:1044d00000407800c10220008e8040000280200051
:1044e000ee120700000f98000e0890000000e00098
:1044f000050032008e0890004e3890003cf3070013
:1045000010c0b300d902370011028000110f9800cb
:1045100011028000000e20000100700010028800cf
:104520005e0090007a00b9008000780000802000d2
:1045300000804000c2022000020147000c00090078
:1045400032187800a001b1005e0090007a00b90036
:10455000800078002088200000804000a201200018
:104560008000eb0074f207005e0090007a00b90052
:104570008000780060882000008040006e39900044
:10458000fe3990000288be005e009000e10f5000ee
:1045900007003c005e009000c500dd004090200058
:1045a00000804000020220008000eb0062f2070061
:1045b0005e0090000040780001802000c5050700e3
:1045c0006e109000e10f500017003a005e0090005e
:1045d00000407800260307000081fb005e00900089
:1045e0007a00b90080007800208920000080400017
:1045f000020878005e0090007a00b90000007800a0
:10460000f000400020882000008040001001780069
:104610005e0090007a00b900800078004089200098
:1046200000804000020878009e0990001302880074
:1046300010c0b30045e9b7005e009000004078006c
:10464000ce389000a7fe07005e38900011c0b3007e
:104650000148780084023700215529002e38900047
:10466000d8f207000000e000cf003a006000b80078
:1046700030279800412798006000b8001007980084
:10468000210798000000eb00300798000040eb0085
:1046900020cf980010c0b300004f98003e38900023
:1046a0002cfb0700500798005e0090000000e0001f
:1046b00002003d0010c0b3006c0237001102800000
:1046c000210f980011028000000e200001007000f0
:1046d000100288005e0090007a00b9008000780027
:1046e000008020000080400010007800e10f5000a2
:1046f00011003a005e0090007a00b90000007800d6
:10470000f000400020882000008040001001780068
:10471000320798005e0090007a00b90080007800af
:1047200020882000008040001000be003027980044
:1047300041279800690037005e0090007a00b900b8
:104740008000780000802000008040001000780089
:10475000e30f500011003a005e0090007a00b900ab
:1047600000007800f6004000208820000080400013
:1047700090017800330798005e0090007a00b9003d
:1047800000007800f80040002088200000804000f1
:1047900090407800014f9800500037005e00900074
:1047a0007a00b9008000780000802000008040007e
:1047b00010007800e20f500009003a005e009000ff
:1047c0007a00b900000078008080e80000802000b6
:1047d000008040001000be00300798003f00370006
:1047e0005e0090007a00b900800078000080200010
:1047f0000080400010007800e50f500008003200f3
:104800005e0090007a00b9008000780000802000ef
:104810000080400010007800e60f500011003a00c0
:104820005e00900000407800a20420000e014100cc
:10483000610420008e8040001a0307005e00900093
:104840007a00b90000007800ec00400020882000c9
:10485000008040001001be00120798002307980056
:104860001e0037005e0090007a00b90080007800da
:10487000008020000080400010007800e40f50000d
:1048800016003a005e0090007a00b900000078003f
:104890008080e80000802000008040001000be0002
:1048a000c20420000e014100a61107000e2990004d
:1048b0009e29900012079800230798005e00900040
:1048c0007a00b90000007800e60040000080200077
:1048d000008040001000be0030079800ae09900034
:1048e000130288000e4890000004e000020032002d
:1048f00015002000010037008002eb002ec8900058
:104900000004e00002003200140020000100370023
:104910000002eb003e209000ce2090005e0190004f
:104920007a11b900820178000280200002814100e2
:104930001201780082014100a24429000281410055
:10494000920378005e01900082014100224229001a
:104950000281410012037800851f7800841f7800cf
:104960001e019000ae019000829fbe00809fbe009d
:10497000be009000811f7800871f7800861f780096
:10498000a0552900801f7800010920004e389000b2
:1049900055f10700f48757005e38900011c0b3004e
:1049a00001487800b0013700515929002e38900095
:1049b00004f207000000e00041003a003e38900099
:1049c000104078000004e0003d003a0045c9bf00f7
:1049d0000004a2000004e0000900320022012000cf
:1049e000d15929004e3890004cf107005e389000f4
:1049f00011c0b3000148780010c0b3009b0137001c
:104a000052050700900e070080007800008020000b
:104a1000f7160700de389000804878002208200052
:104a20008000eb002088200043f1070002042000f2
:104a30008000eb00409020003ff107000040eb00b9
:104a4000004f7800080037001e84fb001613070093
:104a50007a41b90082017800628820000281410019
:104a60000089be001e4fe8001e407800e44f500051
:104a7000f5ff360000802000550507005e389000e5
:104a8000104078000004e000080032004569ef00a3
:104a900010c0b30044e9b70072012000f15a2900a8
:104aa0004e3890001df107006f013700a200200072
:104ab000615c29004e38900018f107006a01370048
:104ac000015d29002e389000bef107000000e000d3
:104ad0001c003a003e389000104078000004e000ce
:104ae00018003a0045c9bf000004e000020032008f
:104af00011002000010037008000eb0044c9bf0016
:104b00000004e00002003200100020000100370025
:104b10000000eb00811f7800801f7800705d290085
:104b2000801f7800010920004e389000eef0070049
:104b3000e68757005e38900011c0b3000148780046
:104b400049013700315f29002e3890009df10700a0
:104b50000000e0001f003a003e389000104078004e
:104b60000004e0001b003a00a1150700e14f5000cf
:104b700003003a00a21507008084fb000100370003
:104b80008004eb009a150700e14f500002003a0044
:104b90004806200001003700883e20002a0e07004a
:104ba000891f7800881f7800801f7800a05f290087
:104bb000801f7800010920004e389000caf00700dd
:104bc000e88757005e38900011c0b30001487800b4
:104bd00025013700f16029002e38900079f1070097
:104be0000000e00040003a00800220000e0040007b
:104bf000800078003e3890008df907000004a20084
:104c00000004e00015003a004e119000de11900003
:104c10004006200001002000800f5100818f5900c4
:104c2000100032004e119000de119000001920009b
:104c300001002000800f5100818f590009003200cf
:104c40004e119000de119000803e200001002000f7
:104c5000800f5100818f59000200320010c0b30054
:104c60000201370062150700e14f50000d003a00c5
:104c70004e119000de11900040062000010020003f
:104c8000800f5100818f590006003200d2002000b1
:104c9000616129004e389000a0f0070010c0b300f9
:104ca000f20037004e109000de10900000007800f7
:104cb000260d0700de3890008048780010c0b30051
:104cc00045e9b700e00d0700801f78003062290039
:104cd000801f7800010920004e38900082f0070004
:104ce000e4875700e0003700a16229002e389000c9
:104cf00034f107000000e000d9003a000040eb006a
:104d0000104f98007800470032c0b3008000780050
:104d10003e389000bff90700404f98004e48900081
:104d2000e34f50001d003a004e08900037f1070095
:104d3000e20f500019003a004e0890001040780031
:104d400029fd07000000e000140035004e08900027
:104d50000000e8001040780023fd07000000e0009c
:104d60000e0035006e089000810220008e80400009
:104d70002ff907000004a2000004e00007003a0039
:104d80004e119000de119000000120000100200073
:104d9000800f5100818f59000200360010c0b3000f
:104da000b20037004e089000104078000efd07005a
:104db0004400dd00004478004e0890000000e80048
:104dc0001040780008fd07000040780000407400a3
:104dd000605798004e109000de10900070579800b9
:104de0006e509000e74f500004003600ee509000e7
:104df00070c7b30080cf500006003600c20020000c
:104e0000216329004e38900044f0070010c0b30021
:104e100096003700f6140700e14f50000a003a00f0
:104e2000f7140700ee509000814f500006003a0042
:104e300012012000e16329004e38900037f007008e
:104e400010c0b300890037005e089000eff0070043
:104e500001022000810f500006003e005e08900015
:104e6000eaf0070061006000004078000004e00004
:104e70000200320010c0b3007c0037000040eb009d
:104e8000004f780029003700de0890001e80fb00ec
:104e90000080400010407800d3fc07000000e000d4
:104ea00008003500de0890001e80fb000000e800ce
:104eb0000080400010407800cbfc07000000e000bc
:104ec00002003d0010c0b300680037001e4890008b
:104ed0000084fb00de0890001e80fb000080400084
:104ee00010407800c0fc07004400dd0080447800da
:104ef000de0890001e80fb000000e80000804000fb
:104f000010407800b8fc07000040780000c0740032
:104f1000804078000800470041d098001e4890006b
:104f20000040e800104f98001ecfe800de08900017
:104f30001e80fb0000804000104078000004e0006c
:104f4000d1ff3a00410620008e804000400520003d
:104f50000e0040007e529000810178001e499000b2
:104f6000800078006e5090004e0d07000004a200f3
:104f70000004e0000600320012012000f164290064
:104f80004e389000e5ef070010c0b300370037003f
:104f900062002000016629004e389000dfef070014
:104fa0000040eb00004f78001d0037001e80fb0022
:104fb0000000400065004000ce38900000804000b6
:104fc0009e80fb0081004700c1e090008180fb00d3
:104fd000c408de00814078008180fb00d266290091
:104fe000e2c07800014878001e80fb0063004000aa
:104ff00000004000ce389000008040009e80fb0002
:1050000081004700c1e090008180fb00ef806000dc
:10501000d2662900e2c07800014878001e4fe800ff
:105020007e5090009e40780080cf5000dfff390016
:105030007e5090000080fb000000400065004000b2
:10504000ce389000008040008040eb00014878009e
:105050005e38900011c0b3000148780002003700ac
:105060000040eb000100370010c0b3004f04be0049
:105070000080fa00000006000200fa00004f7800ed
:105080001e407800e14f500004003e001e80fb00ef
:10509000110020000008dd00040037001e80fb0026
:1050a0000080e800110020000008dd000080fa0008
:1050b000000006000a00fa00604798007147980057
:1050c000024f9800134f98006e409000eaff0700cf
:1050d000000f78006e409000e24f500016003e0036
:1050e000001680001e007000001688000e48900018
:1050f0000004e00004003200201680001e00700052
:1051000020168800040037009e80ea0020168000e8
:1051100000806000201688007e4090000004e000bf
:105120001a0032009e80ea000016800000806000b5
:105130000016880015003700401680001e00700021
:10514000401688000e4890000004e0000400320081
:10515000601680001e007000601688000400370092
:105160009e80ea0060168000008060006016880063
:105170007e4090000004e000040032009e80ea00bf
:105180004016800000806000401688006e4090004d
:10519000e24f50001a003e006e4090000004e00014
:1051a000070032006e409000e14f500002003a00cc
:1051b00080002000010037001000200001003700af
:1051c00040002000100798001e4890000004e000f6
:1051d00005003200410380001e00900001007000b5
:1051e000400388001a0037001e0090008080ea000b
:1051f00040038000008060004003880014003700f6
:105200006e409000e34f500002003a000080200002
:105210000100370000102000200798001e48900071
:105220000004e00005003200510380002e009000d1
:105230000100700050038800050037002e00900028
:105240008080ea00500380000080600050038800e6
:105250006e409000e14f500003003e006019800056
:105260001e007000601988000080fa00000006002f
:105270000200fa00881f7800004f78001e40780076
:10528000e24f500002003e00181680000100370077
:10529000581680001e40780077ff07000000640069
:1052a00000f0a7000000ea000000ea004f00de0066
:1052b000004078004f0478000080fa0000000600eb
:1052c0000400fa00004f780011079800103a80009f
:1052d000000178000260a100600420007105200038
:1052e0002374200080497800814978008249780041
:1052f0001e407800e34f50000c003a001e00900062
:10530000004078007f4060000080fb007f0060006c
:105310004800dd0022368000f10f2e008100610080
:1053200001007000203688000a0037001e0090003f
:10533000004078007f4060000080fb007f0060003c
:105340003236800001fe2f008100610001007000f4
:1053500030368800103a8000000178000260a0001a
:10536000600420007105200023742000804978002b
:1053700081497800824978000080fa000000060028
:105380000200fa00004f78001e407800e34f500002
:1053900004003a009420a9004221ef008420a900d3
:1053a0000300370094a0a9004621ef0084a0a900c3
:1053b0000080fa00000006000200fa00004f7800aa
:1053c000103a8000000178000260a1006004200013
:1053d00071052000237420008049780081497800fd
:1053e000824978001e407800e34f500006003a00e2
:1053f0007134800000fe2f00008060005000b30078
:10540000703488000600370071348000f00f2e00e1
:10541000808060000060200001007000703488000f
:10542000103a8000000178000260a00060042000b3
:10543000710520002374200080497800814978009c
:10544000824978001e407800e34f50000a003a007d
:1054500030082000100a880021058000f0f82f0095
:10546000808060000003200001007000200588009b
:105470009420a8000900370030082000300a880076
:1054800031058000f0f82f008080600000032000cc
:10549000010070003005880094a0a8000080fa0088
:1054a000000006000e00fa00004f98005107980017
:1054b00062079800110280003107980011028000f5
:1054c000000e200001007000100288000e489000bd
:1054d000e24f50001a003a00a25b8000b35b8000ec
:1054e000028fbe000308800023079800200480007c
:1054f000680060000000e0000600320000002000ac
:10550000110020001e0f40005e9748000108800037
:10551000210798002e0090008000eb003e01400023
:10552000ae8148000200be005e0190000089be000e
:105530006e0090008040eb000148780011003700b9
:105540000e4890000080fb0063005000c1b62000b0
:105550004200dd00008040001000be005e019000af
:105560000089be000e4890000080fb00e300500060
:10557000c0b7200000804000904078006e0090008e
:1055800001487800be019000130288000080fa00f4
:10559000000006001600fa00200f98000040eb0003
:1055a0001047980013e1a9008421ef008a21ef0041
:1055b00030c0b300004f7800900037001e80fb0021
:1055c0007a00b90000007800ae089000008040002a
:1055d000100798001e00900010007800e40f5000a3
:1055e00084003a0010c0b300104798001e009000dd
:1055f000a0009000100090006c014700510e0700c1
:105600001221ef006e0090000040780063406000bf
:105610000080fb00630060004400dd009208800011
:10562000f1fc2f00810061000100700090088800eb
:105630007e009000700888000a21ef007e00900034
:105640008000eb0061004000e080480020079800e7
:10565000310798001e009000e0009000500090007c
:10566000e00f5000e08f5800080032001e0090004c
:10567000c000900030009000823e20000300200017
:105680000000510081805900030037001e00900087
:10569000c0009000300090002e0190000191b900f0
:1056a00002017800be019000009ab90084017800e0
:1056b00003014100ae0190000018b8000101410053
:1056c00082007800401fb0000180b000823e2000c0
:1056d00003002000a7ec070040079800510798003e
:1056e0008000eb001e407800f5fe07001e009000d1
:1056f00080089000700090000080700000f0a7000b
:105700000000ea000000ea004f00de0000407800e0
:105710008041eb000041780011c0b3001e407800ca
:1057200064fe07004e009000de009000e00f500085
:10573000e08f5800070032004e019000de0190001b
:105740002e009000be009000800f5100818f590004
:105750000e003900ce0090005e0090000100700045
:1057600000f0a7000000ea000000ea004f00de00a1
:10577000004078008041eb000041780011c0b30088
:105780001e4078004bfe07001b0037001e407800cb
:10579000e34f500007003a004e009000100c8800c4
:1057a0004e009000000c8800e0002000200c8800d3
:1057b000060037004e009000400c88004e0090001c
:1057c000300c8800e0002000500c88001e4078005b
:1057d000e34f500002003a00200120000100370092
:1057e00030012000800078001e407800b4fe0700e1
:1057f00001003700000000001e4fe8001e40780046
:10580000e44f50006dff36001e4090000004e000a1
:105810000100320013e1a8000080fa000000060039
:105820001000fa00881f7800700798000040eb0015
:105830001047980095a0a9008c6bef0021e3a90008
:105840002023ef002223ef002423ef000119800022
:10585000000e200001007000001988000040eb00dd
:10586000004f78008b0037001e80fb008000400056
:1058700000b82000008040008000eb0001087800a4
:105880001e80fb007a00b90000007800fe00900046
:105890000080400010007800e30f50007b003a00c9
:1058a00010c0b300104798001e80fb007a00b900ba
:1058b00000007800fe00900000804000a0009000f2
:1058c000100090006c0068000080700000f0a700dd
:1058d0000000ea000000e9004f00de000040780010
:1058e0000080fb00610060004a00dd0001198000bb
:1058f00001a0a10001007000001988001e80fb00bb
:105900007a00b90000007800fe009000008040009e
:10591000e000900050009000e00f5000e08f580031
:10592000120032001e80fb007a00b90000007800ef
:10593000fe00900000804000e000900050009000c9
:10594000823e20000289b900020178006002b9009d
:105950008401780003014100833e20000300b80069
:10596000010141008200780002003700007d200024
:105970000100200030079800410798003e00900089
:10598000ce0090006030b0000180b0007230200086
:1059900003002000f7eb070010079800210798008c
:1059a0001e019000ae019000400020000100200088
:1059b000800f5100818f590004003e0050002000ec
:1059c0000100200010079800210798002e00900089
:1059d0007900b900000178001e0090006000b90055
:1059e00000007800000141009e009000900120001e
:1059f0000008b800010141008200780050079800bb
:105a00006107980050079800610798001e80fb000e
:105a10009e0090008100e9000001400040b8200095
:105a200000004100010878001e84fb003e01900048
:105a3000ce0190005e009000ee0090000200400059
:105a40008380480061005000e08058005e019000b3
:105a5000ee019000c7eb07008000780008014400c9
:105a600080b8200000004100010878001e80fb0083
:105a7000110020000008dd008080ea00601980002d
:105a800000806000601988000100370000000000fd
:105a90001e4fe8001e407800e14f500072ff3600b4
:105aa0007f6bef0000c0eb007eebb7001e40900064
:105ab0000004a2000004e00014003a002823ef00d4
:105ac0003023ef0040c0b30024e3b7002119800069
:105ad000f00f2e000080600000c0a0002019880098
:105ae00085a0a90051058000f0f82f00008060001b
:105af0000060a0005005880095a0a80021e3a80040
:105b000010c0b3008cebb7000100370000000000ac
:105b10004f0478000080fa00000006000200fa003e
:105b2000f1b7200091407800014f78008ccbbf0086
:105b30000004a2000004e0005b003a007fcbbf003d
:105b40000004a2007febb700705c80000000e00062
:105b500057003200725c80001e80fb007a00b900a2
:105b6000000078000000410010007800e30f5000b2
:105b700051003a007ecbbf00e14f400050003a0098
:105b80001e81fb001e80fb008000400000b820004a
:105b90000080400090017800745c80001e80fb0053
:105ba0007a00b9000000780000004200c0009000b8
:105bb0003000900000007800808041000201410028
:105bc00000b8200000004100010878001e80fb00a2
:105bd0008000400000b82000008040009000780065
:105be000703e2000808f5000370036001e80fb0082
:105bf0009e80fb000181400001b82000810041002f
:105c000091007800813eb1000001400000b8200002
:105c100000004100010878001e80fb008000400069
:105c200040b820000080400010007800004078005c
:105c300024e3b7001e80fb008000400080b82000f5
:105c40000080400010007800004078007f40600035
:105c50000080fb007f0060004800dd00221980000a
:105c6000f10f2e00810061000100700020198800f2
:105c70001e4178007f4061000080fb007f006000d3
:105c80004219800001fe2f008100610001007000b8
:105c9000401988001e417800e1b720008248780052
:105ca0002023a8000900370000000000070037008b
:105cb000000000000500370000000000030037006e
:105cc0000000000001003700000000000080fa0022
:105cd000000006000600fa002047980021079800ff
:105ce00011028000010f780011028000000e2000d8
:105cf0000100700010028800ae009000715c880006
:105d00002e409000e24f50001c0036002e409000c4
:105d10009bfd07008000eb002e40900068fd07000f
:105d20002e4090000080fb0063005000c1b62000b0
:105d30004200dd00008140006000b8000089be0024
:105d40002e4090000080fb00e3005000c0b7200010
:105d5000008040008040eb00014878002e40900019
:105d60000080fb00630050008000400080b72000ee
:105d7000008040008000eb00010878002e40900079
:105d8000e24f500005003a009460a9000421ef00a2
:105d90000021ef00742bef00762bef002e409000d7
:105da0000080fb007a00b90000007800ae0090008f
:105db0000080400010007800e10f50000d003a0014
:105dc0002e4090000080fb007a00b90000007800af
:105dd000ae00900000804000a000900010009000f5
:105de000e00f5000e08f5800020032001000200049
:105df000010037000000eb00804178002e40900049
:105e00000080fb007a00b90000007800ae0090002e
:105e100000804000a0009000100090000080700002
:105e200000f0a7000000ea000000ea004f00de00da
:105e3000004178002e4090000080fb007a00b900fd
:105e400000007800ae009000008040001000780054
:105e50000010a20000f0a7000000ea000000e90026
:105e60004f00de0000407800804078002e40900017
:105e700090fc07002e409000e14f500002003e00d1
:105e80002e00900066fe07002e409000e24f50006a
:105e9000020036002e009000befd07002e4090004c
:105ea0000080fb007a00b90000007800ae0090008e
:105eb0000080400010007800e50f5000090032001b
:105ec0002e4090000080fb007a00b90000007800ae
:105ed000ae0090000080400010007800e60f5000f7
:105ee00013003a002e409000e24f50000e003a009e
:105ef0000080eb00100888008460a9002105800064
:105f0000f0ff280080806000000023000100700086
:105f1000200588009460a8000441a8000421a8007e
:105f200005e1a800020037002e40900022fd070086
:105f30009e007800110288000080fa000000060030
:105f40000000fa000080fa00000006000200fa00db
:105f500095a0a9008c6bef0021e3a90030c0b3002d
:105f600007fd070040c0b30005fd07009460a900cd
:105f70000421ef001221ef008421ef008a21ef00bd
:105f80008000eb0030c0b300cdfc07008000eb00c8
:105f900040c0b300cafc07000040eb00004f78008f
:105fa000060037008041eb000041eb008040eb0031
:105fb0001e4078003ffc07001e4fe8001e4078009e
:105fc000e44f5000f7ff36000080fa0000000600a2
:105fd0000400fa00100798000040eb00004f780022
:105fe000040037009e0090001e40780039ff070033
:105ff0001e4fe8001e407800e44f5000f9ff3600c5
:106000000080fa00000006000000fa00782bef0084
:106010007a2bef000080fa00000006000a00fa0068
:1060200030079800410798000080eb00000f7800cf
:106030000000eb00100798001f003700be00900022
:106040001e00900000804000104078000080fb009f
:106050004800dd001e0f68000040eb00404798003c
:106060000f0037001e0078000000e00006003d0031
:106070001e0078000000400080007800100221001f
:10608000008f6800030037001e0078000000400009
:10609000000f78004e4090000040e8004047980014
:1060a0004e409000e74f5000eeff36001e0090007b
:1060b0000000e800100798009e0090004e0090003d
:1060c000808f5000ddff39001e0078000080fa004c
:1060d000000006000200fa00004f7800f0c2b30092
:1060e0009e40780080cf50000700340090c3b3007a
:1060f0009e40780080cf500003003c001e00fb0053
:106100000003b1000c00370000c4b3009e407800cb
:1061100080cf50000700340060c4b3009e40780078
:1061200080cf500003003c001e00fb007003b10054
:10613000010037000080eb000080fa00000006003c
:106140000200fa00004f78001e407800760d07002c
:106150000080fa0000000600d200fa0060a7980054
:1061600071a7980002af9800a10b200081004700a2
:106170005268290010000900b25878000040eb0076
:10618000604798006600470020ec0700e6004700e3
:106190000080400052002000e16729005feb07000b
:1061a00066004700eea09000c7eb070066004700be
:1061b00016ec0700e60047000080400022002000a7
:1061c0003168290055eb070066004700fea09000eb
:1061d000bdeb0700660047000cec0700e600470037
:1061e0000080400022002000316829004beb0700ae
:1061f000660047008ea89000b3eb070066004700da
:1062000002ec070010079800660047009e0090000f
:1062100082ff07002007980000c4b300c8ff0700f2
:106220000000eb00000f7800050037006600470013
:106230001e00400010407800c1ff07001e0fe8005c
:106240001e0090009e007800808f5000f7ff3900fc
:10625000c0c7b300baff07002e0090004c00de005c
:106260000000470020789100b5ff07002e00900045
:106270004800de006f0060000000470020789100b9
:10628000afff07002e0090004400de006f006000aa
:106290000000470020789100a9ff07002e00900021
:1062a0006f0060000000470020789100a4ff070005
:1062b000a0c0b300a2ff07000080fa0000000600a3
:1062c0000400fa00100798000040eb00004f78002f
:1062d000130037001e00900090407800f0c2b30019
:1062e00080cf5000090034001e00900090407800dc
:1062f00090c3b30080cf500004003c001e4fe80064
:106300001e407800e84f5000020036000040eb00cd
:106310000c0037001e0090000000e80010079800f5
:106320001e009000104078000004e000e9ff3a00f1
:1063300010c0b3009e407800e3cf500001003e0043
:106340000040eb000080fa00000006004000fa0068
:10635000881f7800701f9800c1022000810047004c
:106360005268290010000900b2587800a40f0700f5
:10637000004f78001e80fb004400de0000407800e3
:106380000080fb000000470040689000106f9800fc
:106390001e80fb006f006000000047004068900016
:1063a000206f98000040eb00306f9800900f0700be
:1063b000e14f500002003a006069290001003700f7
:1063c000506a29000e01e800800078000200780081
:1063d00087eb0700910220008e8040000e00e8004d
:1063e00039eb07008a0f07000004e00002003200ca
:1063f000906b290001003700f06b29000004780041
:106400000e00e80081eb07008e00e80000804000ed
:106410006200200088007800c0ea07000e00e80053
:1064200000017800516c29007e1890004aff070097
:106430004f0478000080fa0000000600ac00fa006b
:10644000881f780040979800519798000000eb0053
:10645000000f780046cbbf00ee4f5000060236001a
:1064600061ae20009140780000c4b30080cf50009e
:1064700003023a00c107200060ae200090eb070045
:10648000300798003e0090000000e000fe0132005e
:106490003e0090000000e8005ceb0700e40f5000b5
:1064a000fb013a000040eb00204798001200370043
:1064b0002e4090000080fb000000e800be0090002d
:1064c000008040001040780002ff0700400798005d
:1064d0004e0090000000e000ef0135001e00780043
:1064e000c400dd004e009000008f70002e40900030
:1064f0000040e800204798002e409000e34f5000f5
:10650000ebff3600be00900060ae20000080ea0085
:10651000008040008000780070ae2000bffe0700c1
:106520009e0f5000de013a003e0090008040eb00dc
:1065300001487800c107200070ae2000ecea070097
:10654000500798005e0090000000e000d601320085
:10655000de00900070ae200000805000e30f50007d
:10656000d3013a0032002000816c290070ae200077
:106570003eeb07000000e000cf013a005e00900013
:106580000000e80060079800c10720006e0090003e
:10659000d7ea0700700798007e0090000000e00036
:1065a000c7013200fe0090006e009000808f500006
:1065b000c5013200fe0090006e0090000080500087
:1065c000e30f5000c2013c007e0090008040eb00d1
:1065d000014878000040eb00204798001300370086
:1065e0002e4090000080fb00ee00900000804000f4
:1065f00090407800f0c2b30080cf5000b601340064
:106600002e4090000080fb00ee00900000804000d3
:106610009040780090c3b30080cf5000b0013c00a0
:106620002e4090000040e800204798002e40900047
:106630000080fb00ee0090000080400010407800d9
:106640000004e000e6ff3a007e0090000000e80051
:10665000000f9800c10720000e089000a4ea070070
:10666000100f98001e0890000000e0009e0132000c
:106670009e0890000e089000808f50009c01320010
:106680001e0890008040eb00014878001e08900032
:106690000000e800200f9800c10720002e0890009d
:1066a00093ea07000000e00005003200c26c2900f8
:1066b000716d29006e009000a7fe07008d01370064
:1066c000b16d29000e089000beea07000000e0004e
:1066d00009003a002e089000104078000004e00005
:1066e00005003a00126e2900516c29006e009000de
:1066f00099fe07007f013700117429000e089000f1
:10670000b0ea07000000e0001b003a002e089000ed
:10671000104078000004e00017003a004e9090000e
:10672000de909000960807000004e00005003200ab
:1067300082742900516c29006e00900086fe0700cb
:106740006c013700a00807000004e00005003200db
:1067500062752900516c29006e0090007efe0700d2
:106760006401370012762900516c29006e009000f8
:1067700079fe07005f013700e17629000e089000de
:1067800090ea07000000e00024003a002e08900084
:10679000cbfe07000004e000200032004e90900085
:1067a000de909000760807000004e000050032004b
:1067b00032772900716d29006e00900066fe070097
:1067c0000f0037004e919000de9190002e0890004f
:1067d0001f0907000004e00005003200b27729001d
:1067e000516c29006e0090005bfe0700040037002a
:1067f00022782900716d29006e00900056fe070076
:106800002e08900081ea0700000178008000eb006c
:106810002e089000c8e9070036013700a17829004a
:106820000e08900067ea07000000e0001d003a0033
:106830002e089000104078000004e00019003a0093
:106840004e909000de9090004d0807000004e0009c
:106850000500320032772900716d29006e0090002a
:106860003dfe0700230137004e909000de9090001f
:106870001a0907000004e0000500320062752900d3
:10688000516c29006e00900033fe0700190137009b
:10689000f2782900716d29006e0090002efe07002d
:1068a00014013700d17929000e08900045ea07004d
:1068b0000000e00007003a002e0890001040780029
:1068c0000004e00003003a006e0090009ffe070005
:1068d00008013700417a29000e08900039ea0700c4
:1068e0000000e00074003a000040eb0030479800e0
:1068f000430e0700404798004e909000de909000b5
:10690000350807000004a2000004e00005003a007a
:106910004e909000de909000190807000004e000ff
:1069200005003200f2782900716d29006e00900098
:1069300009fe0700ef003700fb08070022080700e8
:106940000004e00005003200b27a2900716d2900d0
:106950006e00900000fe0700e6003700017b290072
:106960002e08900017ea07000000e00003003a003c
:106970000040eb0030479800410037002e0890009f
:1069800022ea0700e60f500035003a0042002000de
:10699000917b29002e08900034ea07000000e000f7
:1069a0002f003a002e08900064004000104078004c
:1069b000c8fd07000000e000290035002e08900007
:1069c0006500400010407800c2fd07000000e000b4
:1069d0002300350010c0b300304798002e08900007
:1069e0006400400010407800bafd07004400dd005c
:1069f000004478002e0890006500400010407800a8
:106a0000b4fd070000407800004074004047980043
:106a10004e409000ff4f500004003600ce409000e2
:106a200070c2b30080cf500012003600ce409000fc
:106a300070c3b30080cf500004003600ce409000f9
:106a4000f0c3b30080cf50000c003600e27b290079
:106a5000716d29006e009000bffd0700a500370092
:106a6000a27c2900716d29006e009000bafd07001c
:106a7000a000370000000000010037000000000007
:106a8000ce4090003e409000680d07000004a20038
:106a90000004e00005003200727d2900716d2900bc
:106aa0006e009000acfd0700920037006e00900071
:106ab00026fe07008f00370032002000517e29009b
:106ac0000e089000e9e907000000e000060032002f
:106ad00032002000917e29000e089000e3e90700b3
:106ae0000000e00050003a00d17e29000e0890001e
:106af000b4e907000000e0000f003200417f2900e8
:106b00000e089000afe907000000e0000a00320024
:106b1000c17f29000e089000aae907000000e000ec
:106b200005003200318029000e089000a5e9070019
:106b30000000e00002003a001000200001003700d1
:106b40000000eb00605798006e5090000004e000d9
:106b5000190032004e909000de9090009e070700d2
:106b60000004a2000004e00005003a004e909000ee
:106b7000de909000820707000004e000050032006c
:106b8000f2782900716d29006e00900072fd0700f7
:106b900058003700640807008b0707000004e00076
:106ba00005003200b27a2900716d29006e00900054
:106bb00069fd07004f003700f700470078004700e5
:106bc0004e929000de9290008101780000017800e2
:106bd000ae0890000e0890009ef507000004e0004b
:106be0000c0032007e5090000004e00002003200f1
:106bf000506c290001003700706d2900f800470033
:106c000001017800800078006e00900052fd0700be
:106c100038003700b2802900716d29006e009000a5
:106c20004dfd070033003700b18129000e089000a8
:106c300064e907000000e0000a003a002e08900016
:106c4000104078000004e00006003a003608070013
:106c5000f2812900516c29006e0090003efd070072
:106c600024003700b2802900716d29006e00900069
:106c700039fd07001f003700000000001d0037002d
:106c8000000000001b003700000000001900370062
:106c9000000000001700370000000000150037005a
:106ca0000000000013003700000000001100370052
:106cb000000000000f003700000000000d0037004a
:106cc000000000000b003700000000000900370042
:106cd000000000000700370000000000050037003a
:106ce0000000000003003700000000000100370032
:106cf000000000004f0478000080fa000000060049
:106d00000000fa00466bef00476bef000206200020
:106d10008000eb0060ae200087e807000080fa00ea
:106d2000000006000600fa00004f780012079800e5
:106d3000230798001e407800ed4f500036003200c7
:106d40001e407800ea4f500017003a0047cbbf00c2
:106d50000004a2000004e0000c00320046cbbf009b
:106d60000004e0000900320046cbbf008080fb0039
:106d700060ae2000008040008040eb0001487800b9
:106d80001e009000ae009000acfd0700020620003f
:106d90008000eb0060ae200067e80700466bef0064
:106da000476bef001d0037001e407800ff4f50007a
:106db00009003600e0c7b3009e40780080cf500045
:106dc00005003e0061b4200091407800e0c5b300aa
:106dd00080cf50000300360010c0b30047ebb7006f
:106de0000e00370047cbbf000004a2000004e00003
:106df0000a00320046cbbf008081fb001e417800b4
:106e000061ae200081804100824878000040e800a7
:106e100046ebb70001003700000000000080fa00d8
:046e20000000060068
:020000040000fa
:106e24000800fa0060022000303a8800213a80000d
:106e3400f0f32f0000806000203a8800213a80009f
:106e440000fe2f0000806000203a8800000000004f
:106e5400113a800000022000008060000000e00081
:106e6400fbff32003c0a07000e0a070010079800d7
:106e7400210798001e009000ae009000e70607006e
:106e84009eff070057f407000100370000000000d0
:106e9400040a070010079800210798001e009000bc
:106ea400ae009000f10607001e009000ae009000b6
:106eb4008cf307001e009000ae0090007e0a0700cd
:106ec400604798006e4090000004e0000400320027
:106ed4001e019000ae0190006e409000b9070700bb
:106ee4001e009000ae0090003a0b07000004e00082
:106ef400030032001e009000ae0090008d070700d2
:106f04001e009000ae0090003a0b07000004e00061
:106f1400030032001e009000ae00900095070700a9
:106f24000040eb00004f780006003700dd09070041
:106f34007e4290000001be000440780078ff070004
:106f44001e4fe8001e407800ef4f5000cfff3e0078
:106f540067004700dc0907000004e000f3ff3a0083
:046f6400cbff370028
:020000040000fa
:106f6800f03fb1000180b10006003500ee030900d2
:106f780000000000403fb1000180b100fbff3d0070
:106f88001000b000203fb00002003500008009006a
:086f98000000000000000600eb
:020000040000fa
:10700000ffff000000000000000000000000000082
:107010000000000000000000000000000000000070
:107020000000000000000000000000000000000060
:107030000000000000000000000000000000000050
:107040000000000000000000000000000000000040
:107050000000000000000000000000000000000030
:107060000000000000000000000000000000000020
:107070000000000000000000000000000000000010
:107080000000000000000000000000000000000000
:1070900000000000000000000000000000000000f0
:1070a00000000000000000000000000000000000e0
:1070b00000000000000000000000000000000000d0
:1070c00000000000000000000000000000000000c0
:1070d00000000000000000000000000000000000b0
:1070e00000000000000000000000000000000000a0
:1070f0000000000000000000000000000000000090
:10710000000000000000000000000000000000007f
:10711000000000000000000000000000000000006f
:10712000000000000000000000000000000000005f
:10713000000000000000000000000000000000004f
:10714000000000000000000000000000000000003f
:10715000000000000000000000000000000000002f
:10716000000000000000000000000000000000001f
:10717000000000000000000000000000000000000f
:1071800000000000000000000000000000000000ff
:1071900000000000000000000000000000000000ef
:1071a00000000000000000000000000000000000df
:1071b00000000000000000000000000000000000cf
:1071c00000000000000000000000000000000000bf
:1071d00000000000000000000000000000000000af
:1071e000000000000000000000000000000000009f
:1071f000000000000000000000000000000000008f
:10720000000000000000000000000000000000007e
:10721000000000000000000000000000000000006e
:10722000000000000000000000000000000000005e
:10723000000000000000000000000000000000004e
:10724000000000000000000000000000000000003e
:10725000000000000000000000000000000000002e
:10726000000000000000000000000000000000001e
:10727000000000000000000000000000000000000e
:1072800000000000000000000000000000000000fe
:1072900000000000000000000000000000000000ee
:1072a00000000000000000000000000000000000de
:1072b00000000000000000000000000000000000ce
:1072c00000000000000000000000000000000000be
:1072d00000000000000000000000000000000000ae
:1072e000000000000000000000000000000000009e
:1072f000000000000000000000000000000000008e
:10730000000000000000000000000000000000007d
:10731000000000000000000000000000000000006d
:10732000000000000000000000000000000000005d
:10733000000000000000000000000000000000004d
:10734000000000000000000000000000000000003d
:10735000000000000000000000000000000000002d
:10736000000000000000000000000000000000001d
:10737000000000000000000000000000000000000d
:1073800000000000000000000000000000000000fd
:1073900000000000000000000000000000000000ed
:1073a00000000000000000000000000000000000dd
:1073b00000000000000000000000000000000000cd
:1073c00000000000000000000000000000000000bd
:1073d00000000000000000000000000000000000ad
:1073e000000000000000000000000000000000009d
:1073f000000000000000000000000000000000008d
:10740000000000000000000000000000000000007c
:10741000000000000000000000000000000000006c
:10742000000000000000000000000000000000005c
:10743000000000000000000000000000000000004c
:10744000000000000000000000000000000000003c
:10745000000000000000000000000000000000002c
:10746000000000000000000000000000000000001c
:10747000000000000000000000000000000000000c
:1074800000000000000000000000000000000000fc
:1074900000000000000000000000000000000000ec
:1074a00000000000000000000000000000000000dc
:1074b00000000000000000000000000000000000cc
:1074c00000000000000000000000000000000000bc
:1074d00000000000000000000000000000000000ac
:1074e000000000000000000000000000000000009c
:1074f000000000000000000000000000000000008c
:10750000000000000000000000000000000000007b
:10751000000000000000000000000000000000006b
:10752000000000000000000000000000000000005b
:10753000000000000000000000000000000000004b
:10754000000000000000000000000000000000003b
:10755000000000000000000000000000000000002b
:10756000000000000000000000000000000000001b
:10757000000000000000000000000000000000000b
:1075800000000000000000000000000000000000fb
:1075900000000000000000000000000000000000eb
:1075a00000000000000000000000000000000000db
:1075b00000000000000000000000000000000000cb
:1075c00000000000000000000000000000000000bb
:1075d00000000000000000000000000000000000ab
:1075e000000000000000000000000000000000009b
:1075f000000000000000000000000000000000008b
:10760000000000000000000000000000000000007a
:10761000000000000000000000000000000000006a
:10762000000000000000000000000000000000005a
:10763000000000000000000000000000000000004a
:10764000000000000000000000000000000000003a
:10765000000000000000000000000000000000002a
:10766000000000000000000000000000000000001a
:10767000000000000000000000000000000000000a
:1076800000000000000000000000000000000000fa
:1076900000000000000000000000000000000000ea
:1076a00000000000000000000000000000000000da
:1076b00000000000000000000000000000000000ca
:1076c00000000000000000000000000000000000ba
:1076d00000000000000000000000000000000000aa
:1076e000000000000000000000000000000000009a
:1076f000000000000000000000000000000000008a
:107700000000000000000000000000000000000079
:107710000000000000000000000000000000000069
:107720000000000000000000000000000000000059
:107730000000000000000000000000000000000049
:107740000000000000000000000000000000000039
:107750000000000000000000000000000000000029
:107760000000000000000000000000000000000019
:107770000000000000000000000000000000000009
:1077800000000000000000000000000000000000f9
:1077900000000000000000000000000000000000e9
:1077a00000000000000000000000000000000000d9
:1077b00000000000000000000000000000000000c9
:1077c00000000000000000000000000000000000b9
:1077d00000000000000000000000000000000000a9
:1077e0000000000000000000000000000000000099
:1077f0000000000000000000000000000000000089
:020000040000fa
:10780000ffff00000000000000000000000000007a
:107810000000000000000000000000000000000068
:107820000000000000000000000000000000000058
:107830000000000000000000000000000000000048
:107840000000000000000000000000000000000038
:107850000000000000000000000000000000000028
:107860000000000000000000000000000000000018
:107870000000000000000000000000000000000008
:1078800000000000000000000000000000000000f8
:1078900000000000000000000000000000000000e8
:1078a00000000000000000000000000000000000d8
:1078b00000000000000000000000000000000000c8
:1078c00000000000000000000000000000000000b8
:1078d00000000000000000000000000000000000a8
:1078e0000000000000000000000000000000000098
:1078f0000000000000000000000000000000000088
:107900000000000000000000000000000000000077
:107910000000000000000000000000000000000067
:107920000000000000000000000000000000000057
:107930000000000000000000000000000000000047
:107940000000000000000000000000000000000037
:107950000000000000000000000000000000000027
:107960000000000000000000000000000000000017
:107970000000000000000000000000000000000007
:1079800000000000000000000000000000000000f7
:1079900000000000000000000000000000000000e7
:1079a00000000000000000000000000000000000d7
:1079b00000000000000000000000000000000000c7
:1079c00000000000000000000000000000000000b7
:1079d00000000000000000000000000000000000a7
:1079e0000000000000000000000000000000000097
:1079f0000000000000000000000000000000000087
:107a00000000000000000000000000000000000076
:107a10000000000000000000000000000000000066
:107a20000000000000000000000000000000000056
:107a30000000000000000000000000000000000046
:107a40000000000000000000000000000000000036
:107a50000000000000000000000000000000000026
:107a60000000000000000000000000000000000016
:107a70000000000000000000000000000000000006
:107a800000000000000000000000000000000000f6
:107a900000000000000000000000000000000000e6
:107aa00000000000000000000000000000000000d6
:107ab00000000000000000000000000000000000c6
:107ac00000000000000000000000000000000000b6
:107ad00000000000000000000000000000000000a6
:107ae0000000000000000000000000000000000096
:107af0000000000000000000000000000000000086
:107b00000000000000000000000000000000000075
:107b10000000000000000000000000000000000065
:107b20000000000000000000000000000000000055
:107b30000000000000000000000000000000000045
:107b40000000000000000000000000000000000035
:107b50000000000000000000000000000000000025
:107b60000000000000000000000000000000000015
:107b70000000000000000000000000000000000005
:107b800000000000000000000000000000000000f5
:107b900000000000000000000000000000000000e5
:107ba00000000000000000000000000000000000d5
:107bb00000000000000000000000000000000000c5
:107bc00000000000000000000000000000000000b5
:107bd00000000000000000000000000000000000a5
:107be0000000000000000000000000000000000095
:107bf0000000000000000000000000000000000085
:107c00000000000000000000000000000000000074
:107c10000000000000000000000000000000000064
:107c20000000000000000000000000000000000054
:107c30000000000000000000000000000000000044
:107c40000000000000000000000000000000000034
:107c50000000000000000000000000000000000024
:107c60000000000000000000000000000000000014
:107c70000000000000000000000000000000000004
:107c800000000000000000000000000000000000f4
:107c900000000000000000000000000000000000e4
:107ca00000000000000000000000000000000000d4
:107cb00000000000000000000000000000000000c4
:107cc00000000000000000000000000000000000b4
:107cd00000000000000000000000000000000000a4
:107ce0000000000000000000000000000000000094
:107cf0000000000000000000000000000000000084
:107d00000000000000000000000000000000000073
:107d10000000000000000000000000000000000063
:107d20000000000000000000000000000000000053
:107d30000000000000000000000000000000000043
:107d40000000000000000000000000000000000033
:107d50000000000000000000000000000000000023
:107d60000000000000000000000000000000000013
:107d70000000000000000000000000000000000003
:107d800000000000000000000000000000000000f3
:107d900000000000000000000000000000000000e3
:107da00000000000000000000000000000000000d3
:107db00000000000000000000000000000000000c3
:107dc00000000000000000000000000000000000b3
:107dd00000000000000000000000000000000000a3
:107de0000000000000000000000000000000000093
:107df0000000000000000000000000000000000083
:107e00000000000000000000000000000000000072
:107e10000000000000000000000000000000000062
:107e20000000000000000000000000000000000052
:107e30000000000000000000000000000000000042
:107e40000000000000000000000000000000000032
:107e50000000000000000000000000000000000022
:107e60000000000000000000000000000000000012
:107e70000000000000000000000000000000000002
:107e800000000000000000000000000000000000f2
:107e900000000000000000000000000000000000e2
:107ea00000000000000000000000000000000000d2
:107eb00000000000000000000000000000000000c2
:107ec00000000000000000000000000000000000b2
:107ed00000000000000000000000000000000000a2
:107ee0000000000000000000000000000000000092
:107ef0000000000000000000000000000000000082
:107f00000000000000000000000000000000000071
:107f10000000000000000000000000000000000061
:107f20000000000000000000000000000000000051
:107f30000000000000000000000000000000000041
:107f40000000000000000000000000000000000031
:107f50000000000000000000000000000000000021
:107f60000000000000000000000000000000000011
:107f70000000000000000000000000000000000001
:107f800000000000000000000000000000000000f1
:107f900000000000000000000000000000000000e1
:107fa00000000000000000000000000000000000d1
:107fb00000000000000000000000000000000000c1
:107fc00000000000000000000000000000000000b1
:107fd00000000000000000000000000000000000a1
:107fe0000000000000000000000000000000000091
:107ff0000000000000000000000000000000000081
:020000040000fa
:108000000000fa0041108000004020000080600065
:108010000000e0000a003a00411080000008200043
:10802000008060000000e00005003a004110800080
:1080300000042000008060000000e0000200320028
:1080400010002000010037000000eb000040780025
:108050000080fa00000006000200fa000000eb00b9
:10806000000f780018003700e5ff07000004e0006b
:10807000020032000040eb00180037003010800092
:108080007f0060000000e0000b003a00401080001c
:10809000610060000000e00007003a00411080002d
:1080a00000002400008060000000e00002003a00b0
:1080b00010c0b300090037000005200001002000b7
:1080c000a9fb07001e0fe800703e20009e0078000c
:1080d000808f5000e4ff36000040eb000080fa0083
:1080e000000006000200fa000000eb00000f78001c
:1080f0000f003700c2ff07000004e000020032005a
:108100000040eb000f003700300480006200600088
:108110000000e00002003200cfff07000900370036
:1081200000052000010020008ffb07001e0fe80063
:10813000703e20009e007800808f5000edff3600da
:108140000040eb000080fa00000006000600fa0084
:1081500020079800ae00900040062000808f50005d
:108160000a003200ae00900000192000808f5000fd
:1081700006003200ae009000803e2000808f50004c
:10818000020032000040eb003d0037009620a900bd
:1081900007e2a900c902a800c922a8002e00900089
:1081a0008000eb00823e20000289b90002017800c5
:1081b0006002b9008401780003014100833e200081
:1081c0000300b8000101410082007800f29f250001
:1081d0002326200000024100818249002e009000e9
:1081e0008000eb00823e20000289b9000201780085
:1081f0006003b9008601780003014100833e20003e
:108200000300b80001014100820078000001be00b7
:108210000400be00d7e10700008fbe001e007800fa
:108220000000e900201088000622ef000822ef007d
:108230008620a900ae009000400620000080680063
:1082400000f0a7000000ea000000e9004f00de0097
:10825000004078000080fb00610060004900dd0004
:10826000311080000190a1000100700030108800e2
:1082700007e2a800ae009000c15d880010c0b30006
:108280000080fa00000006000200fa00c902a800ff
:108290000000eb00000f78000e0037005116800040
:1082a00000102000008060000000e00005003200a7
:1082b000800c2000010020002bfb070010c0b30041
:1082c00009003700000520000100200026fb070000
:1082d0001e0fe800703e20009e007800808f500046
:1082e000eeff36000040eb000080fa0000000600c0
:1082f0000200fa000040eb001047980007e2a900d6
:10830000c902a800c922a800cd02a900cd22a90057
:10831000ddff07000004a2000004e00035003a0081
:108320005116800000202000008060000000e00066
:1083300021003a000040eb00004f780009003700b0
:10834000c902a900800c20000100200006fb0700e4
:10835000cdff07000004a2000004e00027003a005f
:108360001e4fe8001e407800e84f500005003e0018
:108370005116800000202000008060000000e00016
:10838000efff3200c902a900c922a900800c200019
:1083900001002000f4fa0700bbff07000004a20060
:1083a0000004e00017003a00c922a800800c200059
:1083b00001002000ecfa0700511680000010200098
:1083c000008060000000e0000700320051168000cd
:1083d00000202000008060000000e0000200320069
:1083e00010002000010037000000eb00104798004b
:1083f0000500370000000000030037000000000007
:108400000100370000000000c902a800c922a8002e
:10841000c05d80004dff0700800c2000010020009f
:10842000d1fa07001e4090000080fa00000006000c
:108430000000fa004006200044ff0700acff0700e0
:108440000080fa00000006000000fa00c05d800015
:108450000080fa00000006000200fa00004f7800d9
:108460008620a9001e80fb00101088001dff070059
:108470000004e000070032004110800000002800e6
:10848000008060000000e00002003a0010002000c0
:10849000010037000000eb00004078000080fa0087
:1084a000000006000c00fa00204798002107980001
:1084b0006247980043079800244f98000040eb0063
:1084c000104798002e409000e74f500016003600ed
:1084d000ae40900070c7b30080cf500012003e0045
:1084e0006e409000f04f50000f003e002e4890006c
:1084f000f04f50000c003e006e4090000004e00081
:10850000030032002e0090000000e0000600320060
:108510002e4890000004e000050032004e0090005c
:108520000000e00002003a000040eb009e0037002f
:10853000c9fe07000004a2000004e0008d003a001c
:108540005116800000102000008060000000e00054
:1085500005003200511680000020200000806000dd
:108560000000e00006003a0061ff07000004a200de
:108570000004e000020032000040eb008a003700f7
:108580008620a9000602a800d6fe07000004a2006b
:108590000004e00079003a006e4090000004e00022
:1085a00003003a002e4890000004e00016003a0054
:1085b0002e40900000404000a7ff07000004a200ea
:1085c0000004e00057003a000040eb00004f780044
:1085d000090037001e80fb00ae00900000804000c4
:1085e000104078009cff07000004a2000004e00097
:1085f0004e003a001e4fe8006e4090009e4078000a
:1086000080cf5000f3ff39002e4890000004e000b6
:10861000410032006e4090000004e000060032008d
:108620008620a9000622a800aefe07000004a200d2
:108630000004e00053003a002e4090000080fb0050
:1086400000004000004078000004a00082ff070006
:108650000004a2000004e00036003a000040eb00f5
:10866000004f7800280037008620a9000662a80085
:108670009cfe07000004a2000004e00048003a004d
:1086800040108000620060000000e0004400320002
:108690001e80fb00ce009000008040000110800092
:1086a00081407800014878001e80fb008000e800cf
:1086b0002e4890000080fb000080680000f0a700ba
:1086c0000000ea000000e9004f00de0000407800f2
:1086d0000080fb00610060004500dd00311080007b
:1086e0000150a10001007000301088008620a90010
:1086f0000682a8007bfe07000004a2000004e00040
:1087000022003a001e4fe8002e4890009e4078005c
:1087100080cf5000d4ff390010c0b300104798003c
:1087200005003700000000000300370000000000d3
:10873000010037000000000047fe07000004a2000f
:108740000004e00013003a008620a9000642a800b9
:1087500064fe07000004a2000004e0000f003a00dd
:10876000800c200001002000fff907001e4090004f
:108770000d00370000000000090037000000000075
:10878000070037000000000005003700000000006f
:108790000300370000000000010037000000000067
:1087a000d3fe07000040eb000080fa000000060046
:1087b0000800fa00008fbe002207980033079800d7
:1087c0002e009000be0090003e011000ae81180007
:1087d0000200be004f08de00004078000080fa0072
:1087e000000006000600fa00008fbe002207980075
:1087f00010c0b3009f03070010c0b3009eebb7008a
:108800002e0090008000eb003e014000ae81480049
:108810000200be00605d8800715d88000080fa0083
:10882000000006000000fa00920020008000eb002b
:1088300000b92000c0e10700996bef000080fa004a
:10884000000006001200fa00e1004700d283290070
:1088500005000900b2587800e70047000a00090047
:108860008058eb000040eb00004f78000600370016
:108870001e80fb006500400000004700a1c2b3005d
:10888000114098001e4fe80099cbbf009e40780031
:1088900080cf5000f6ff390099cbbf000080fb006d
:1088a00065004000000047008040eb001140980048
:1088b0000e00e80080007800e082290090050700a3
:1088c0000080fa00000006000600fa00881f780009
:1088d00020079800e0842900100798000040eb0072
:1088e000104798002e00900048e20700000478002e
:1088f0001e00900045e20700800f54000200320085
:108900000040eb001b0037000040eb00004f7800f8
:108910000d0037001e80fb00ae009000008040007c
:10892000904078001e80fb001e0190000000410076
:108930001040780000c068009e40900000c07000a9
:10894000104798001e4fe8001e80fb009e0090001c
:1089500000804000104078000004e000edff3a0085
:108960001e4090000080fb000000e9004f00de0088
:10897000004078004f0478000080fa0000000600f4
:108980000400fa00008fbe009dcbbf000004e00091
:1089900009003200405d8000515d80000001be0092
:1089a0001e00be0082ff07000004e000020032004b
:1089b00010002000010037000000eb0000407800ac
:1089c0000080fa00000006000000fa009bcbbf0008
:1089d0000080fa00000006000400fa00008fbe00cc
:1089e0009ccbbf000004e00009003200205d800045
:1089f000315d80000001be001e00be006cff07005c
:108a00000004e000020032001000200001003700e6
:108a10000000eb00004078000080fa000000060033
:108a20000400fa00008fbe000040eb00ea020700dd
:108a30000040eb000f0307007aff07009a6bef007e
:108a40009e6bef009ecbbf009debb7009dcbbf00a0
:108a50009cebb7009ccbbf009bebb7003185290096
:108a6000e0822900260507000080fa0000000600c9
:108a70000400fa00008fbe009bcbbf000004e000a2
:108a80000e003200005d8000115d80000001be001c
:108a90001e00be0046ff07000004a2000004e00024
:108aa000060032000040eb00cb0207009b6bef009a
:108ab00031852900e0822900110507009ccbbf0009
:108ac0000004e00009003200205d8000315d80007c
:108ad0000001be001e00be0035ff07000004a2001a
:108ae0000004e000010032009c6bef009ecbbf0051
:108af0000004e0000b003200605d8000715d8000ca
:108b00000001be001e00be0029ff07000004a200f5
:108b10000004e000030032000040eb00d502070033
:108b20009e6bef009dcbbf000004e0000c00320004
:108b3000405d8000515d80000001be001e00be004f
:108b40001bff07000004a2000004e0000400320044
:108b50009d6bef0031852900e0822900e8040700c1
:108b60000080fa00000006000400fa00008fbe003a
:108b70002cff07009bcbbf000004a2000004e00014
:108b80000b00320010c0b3009302070010c0b30006
:108b90009bebb70080382100010020003e0140001f
:108ba000ae8148000200be00005d8800115d8800b3
:108bb000420620001e00be000aff070011862900a1
:108bc00010872900ce0407000080fa00000006008c
:108bd0000400fa00008fbe0012ff07009c6bef003c
:108be0009acbbf000040e8009aebb7009acbbf00d9
:108bf000e24f50000e0036009a6bef0010c0b30039
:108c00009debb70000532700010020003e0140000b
:108c1000ae8148000200be00405d8800515d8800c2
:108c200021882900e0882900b504070003003700e7
:108c3000f1892900008b2900b1040700e21520000a
:108c40001e00be00e7fe07000080fa0000000600dc
:108c50000600fa00000f780012079800230798001a
:108c60001e009000ae00900045ff07000004e000e9
:108c7000020032000040eb00160037001e007800b2
:108c800011ff07000004a2000004e000050032000c
:108c90001e009000ae009000cdff07000040eb00ea
:108ca0000c0037009a6bef0010c0b3009cebb700cc
:108cb0001e019000ae01900000532700010020002b
:108cc0000200400083804800205d8800315d8800fc
:108cd00010c0b3000080fa00000006000400fa0093
:108ce000008fbe001e00be0025ff07000004e0004c
:108cf00005003a001e00be0037ff07000004a20076
:108d00000004e000020032000040eb0004003700e5
:108d10009c6bef001e00be0093ff070010c0b30065
:108d20000080fa00000006000000fa009c6bef00d3
:108d30000080fa00000006000400fa00008fbe0068
:108d4000b8fe07009dcbbf000004a2000004e000b5
:108d5000070032009bcbbf000004a2000004e0002b
:108d60000300320031852900e082290064040700f5
:108d70000080fa00000006000400fa00008fbe0028
:108d80001e00be00fefe07000004e00004003200ea
:108d900021882900e08829005904070008003700cd
:108da0009bcbbf000004e0000400320011862900c4
:108db000108729005204070001003700a1fe0700b8
:108dc0000080fa00000006000600fa00004f78005c
:108dd00012079800230798001e009000ae00900034
:108de000e7fe07000004e00051003a009bcbbf0003
:108df0000004e00050003a00f0c2b3009e4078004a
:108e000080cf50001a00340090c3b3009e40780019
:108e100080cf500016003c0099cbbf00e74f5000b8
:108e200046003e0099cbbf000081fb0001b9200045
:108e3000810041009e4878000040e80099ebb700af
:108e400099cbbf008080fb0000b92000008040006b
:108e50008040eb00014878007afe070032022000d3
:108e60001e009000ae0090005efe07003300370049
:108e7000a0c2b3009e40780080cf50000e003a00a0
:108e800099cbbf000004e0000900320099cbbf007d
:108e90000040e90099ebb70099cbbf008080fb0050
:108ea00000b92000008040008040eb0001487800bd
:108eb00064fe07002100370010c4b3009e40780014
:108ec00080cf500004003a001e009000ae009000d9
:108ed00099ff07001900370030c2b3009e407800a8
:108ee00080cf500015003a0099cbbf00e34f5000ef
:108ef00003003e004bfe070052fe07000f00370044
:108f00001e019000ae01900000b9200050ff070044
:108f10000004e000040032009c6bef001e00900093
:108f2000ae00900010ff07003efe07000300370070
:108f30000000000001003700000000000080fa007f
:108f4000000006001000fa00500798006107980022
:108f5000720798005e019000ee01900090002000e2
:108f600001002000800f5100818f5900070036005a
:108f70005e019000ee019000006a280011002000c0
:108f8000800f5100818f5900020036000040eb0035
:108f9000400037000040eb00004f780039003700f8
:108fa0001e80fb000190290000004000008040006e
:108fb000100078008000eb000001be0000a025003a
:108fc000212620006bde070010079800210798007b
:108fd0005e009000ee0090008101d1000081d3007e
:108fe0001e009000ae009000020040008380480008
:108ff0005e019000ee0190005ede070030079800f1
:10900000410798003e019000ce0190001000200022
:1090100001002000800f5100818f59001800360098
:109020003e019000ce019000f0ff2f0001002000d3
:10903000800f5100818f590011003e009e80fb007f
:109040007e009000010878003e0090008000e9005a
:109050007e009000110098003e019000ce0190002b
:109060001e009000ae00900042de07007e019000de
:10907000200198003101980010c0b30005003700ae
:109080001e4fe8001e407800e34f5000c4ff36003a
:109090000040eb000080fa00000006001000fa001b
:1090a000204f980061079800720798000040eb007d
:1090b000104798002e489000e44f500004003e00f6
:1090c0006e00900010007800e60f5000020036009d
:1090d000008c29003e0137006e00900010007800df
:1090e000e30f500034003200e30f500005003e0053
:1090f000e10f500008003200e10f500022003e0056
:1091000020013700e40f5000af003200e60f50009e
:109110000d013e00f300370030c0b3001047980047
:109120006e00900010019000a0019000100020003f
:1091300001002000800f5100818f590010003e0077
:109140006e00900030019000c001900030002000bf
:1091500001002000800f5100818f590008003e005f
:109160006e00900050019000e0019000803e2000d1
:1091700001002000800f5100818f5900f40036005b
:10918000908c29001201370010c0b30010479800de
:109190006e00900010019000a001900010002000cf
:1091a00001002000800f5100818f5900ea00360035
:1091b000908c29000601370060c0b300104798006a
:1091c0002e489000e14f500002003600008c29002c
:1091d000ff0037006e00900010019000a001900089
:1091e000a000200001002000800f5100818f590055
:1091f000080032006e00900010019000a001900065
:10920000c000200001002000800f5100818f590014
:109210004e003a006e009000c000900030009000b8
:10922000e00f5000e08f5800480032006e009000c0
:1092300030019000c0019000803e2000010020001d
:10924000800f5100818f590040003e006e00900059
:1092500050019000e0019000400620000100200035
:10926000800f5100818f590038003e006e00900041
:109270007001900080099000100020000100200083
:10928000800f5100818f5900180032006e0090004d
:109290007001900080099000400020000100200033
:1092a000800f5100818f5900100032006e00900035
:1092b00070019000800990008000200001002000d3
:1092c000800f5100818f5900080032006e0090001d
:1092d0007001900080099000000120000100200032
:1092e000800f5100818f590018003a006e009000e5
:1092f00010099000a009900020002000010020002b
:10930000800f5100818f590010003e006e009000c8
:1093100030099000c009900090002000010020005a
:10932000800f5100818f5900080036006e009000b8
:1093300030099000c0099000007122000100200057
:10934000800f5100818f590002003600908c290057
:109350009f0037002e4890008080fb0060fe2f00a9
:109360000088b900000078007a004000fe009000fc
:109370000080400010007800e30f500078003a00b1
:109380002e4890008080fb0060fe2f000088b9000e
:10939000000078007a004000fe009000008040004d
:1093a00010019000a00190006e009000a0009000bd
:1093b00010009000800f5100818f59006a00320028
:1093c000308d29008200370040c0b300104798005c
:1093d0002e489000e24f500002003e00008c290011
:1093e0007b0037006e009000a000900010009000fd
:1093f0000e81e800d3fe07000004a2000004e00094
:1094000018003a006e00900030019000c0019000fa
:10941000803e200001002000800f5100818f590004
:1094200010003e006e00900050019000e00190009e
:109430001000200001002000800f5100818f590092
:1094400008003e006e0090007001900080099000be
:109450001000200001002000800f5100818f590072
:1094600002003600908c2900590037002e489000e9
:10947000e34f500002003a0040c0b3000100370043
:1094800030c0b300004f78001e80fb007a00b900a6
:1094900000007800fe00900000804000100078007e
:1094a000e40f500032003a001e80fb007a00b90041
:1094b00000007800fe009000008040001001900045
:1094c000a00190006e009000a0009000100090009d
:1094d000800f5100818f590027003200308e290003
:1094e0003b00370010c0b300104798002e48900092
:1094f000e14f500002003e00008c2900340037008c
:109500006e00900010019000a00190003006200035
:1095100001002000800f5100818f590008003600a3
:109520006e00900010019000a001900000712200d8
:1095300001002000800f5100818f5900100036007b
:10954000908c290022003700008c29002000370071
:10955000000000000b003700000000000900370089
:109560000000000007003700000000000500370081
:109570000000000003003700000000000100370079
:10958000000000009e409000014f78000c00370062
:109590001e80fb00ee0090004200dd000080e8002d
:1095a000008040001000be00e00f5000e08f580027
:1095b00002003200308f2900050037001e4fe800fe
:1095c0001e407800e54f5000f1ff36000000eb0030
:1095d0000080fa00000006000400fa00204798000e
:1095e00011028000010f780011028000000e20009f
:1095f00001007000100288002e4090000004e0007e
:1096000008003200525280006352800080382100ee
:109610000100200002004000838048007052880052
:1096200081528800ae40900022a5200001497800b8
:109630002e4090000004e000020032000040eb00e9
:109640000100370010c0b3000080fb006100600023
:109650004700dd00611680000170a100010070006c
:10966000601688001e017800120288000080fa004f
:10967000000006000200fa00004f78001e4078004b
:10968000614060000080fb00610060004200dd007e
:10969000611680000120a1000100700060168800a2
:1096a0000080fa00000006000400fa0094e0a9001f
:1096b0005252800063528000028fbe0094e0a800e6
:1096c0001e00be000080fa00000006000200fa0042
:1096d000000f780041ad200091407800d3cabf0050
:1096e00080cf500002003a000040eb000c00370031
:1096f000d4cabf008080fb0030a52000008040005d
:10970000904078001e00780001487800d4cabf005d
:109710000040e8000074a100d4eab70010c0b30014
:109720000080fa00000006000200fa00004f7800f6
:109730000000000011118000002020000080600067
:109740000000e000fbff3a001e4078000080fb00b4
:10975000201188000080fa00000006000000fa00d6
:10976000c8e2a800cce2a800cee2a800cc42a90042
:1097700061168000f03f20000080600060168800c5
:10978000a116800000ff2f0000806000a016880056
:109790000080eb0060198800c842a900c862a800d8
:1097a000c882a800c8e2a90041168000f03f20004e
:1097b00000806000401688008116800000c02f00e5
:1097c00080806000f02f200001007000801688006b
:1097d000103a8000000178000260a10060042000bf
:1097e00071052000237420008049780081497800a9
:1097f000824978002135800000fe2f000080600043
:109800009001b30020358800c136800000fe2f0093
:10981000008060003000b300c0368800103a80003d
:10982000000178000260a0006004200071052000a3
:1098300023742000804978008149780082497800ab
:109840002022ef002222ef002062a9003010200029
:10985000401188008560a9009560a80021e2a80059
:109860002342a8001021ef000621ef0081088000ac
:10987000f0fc2f00008060000040a00080088800fd
:10988000309c20006008880084e0a9003105800039
:10989000f0ff2800808060000000250001007000bb
:1098a0003005880094e0a80011e1a800e0fa070064
:1098b000420207000080fa00000006000800fa00db
:1098c00020079800310798000040eb00004f780017
:1098d0000040eb0030479800f056800001578000b0
:1098e0002e019000be0190000001510081815900bd
:1098f0009000200001002000800f5100818f59004e
:1099000002003e000040eb006a0037002e0190008c
:10991000be019000f2568800035788000040eb001b
:10992000104798003b003700a116800000ff2f0071
:10993000808060001e4090000080fb00120020002c
:109940000010dd0001007000a01688001e4090008d
:109950000080fb00110020000008dd008080ea008c
:1099600080168000008060008016880000192000aa
:10997000010020007cf507000040eb002047980024
:1099800017003700911680002e4090000080fb00e9
:10999000640040000008de006100600000407800c4
:1099a0000004e0000b0032003e4090000040e80060
:1099b000304798001e4090008080fb002e409000b1
:1099c0000080fb00c208dd0000804000819029007b
:1099d000614f78002e4090000040e800204798003a
:1099e0002e409000e34f5000e6ff36001e409000ee
:1099f0000080fb00110020008008dd008016800040
:109a000001007000801688001e4090000040e800b1
:109a1000104798001e409000e34f5000c2ff3600f0
:109a2000a116800000ff2f0000806000a0168800b3
:109a30003e409000e14f5000020032000040eb0039
:109a4000004f7800e2cabf009e40780080cf5000ef
:109a5000050032009e40780023ae20008149780046
:109a6000e36aef0006003700e3cabf00e24f500090
:109a700003003e00e3cabf000040e800e3eab7008d
:109a8000e3cabf00e24f500009003600e4cabf003d
:109a90009e40780080cf5000050032009e41780043
:109aa00042ae2000034978001e40780001003700d4
:109ab0000040eb000080fa00000006000a00fa00f7
:109ac000100798002107980032079800034f98006c
:109ad0000e4890000080fb0061ad20004200dd00d8
:109ae000008040001000be001e019000ae019000fa
:109af0000001510081815900300120000100200047
:109b0000800f5100818f590002003e000040eb00a1
:109b10002f0037000e4890000080fb0061ad200050
:109b20004200dd00008040001e019000ae01900068
:109b30000288be00111680003e0090000080600088
:109b40000000e0000200320010c0b3000100370046
:109b50000040eb00004f78000e4890008080fb0032
:109b600000bb200000804000104078009e4f500055
:109b700011003a000e4890008080fb0020bb2000be
:109b800000804000104078009e4f50000a003200d4
:109b90000e4890008080fb0020bb20000080400029
:109ba0001e4878001e80fb000000e9004f00de0028
:109bb00000407800060037000e4890008080fb00cf
:109bc00000bb2000008040001e4878000040eb00f1
:109bd0000080fa00000006000400fa00008fbe00ba
:109be0008041eb00020820001e00be00b3ff07000a
:109bf0000080fa00000006000400fa00008fbe009a
:109c000013c0b300024020001e00be00abff0700df
:109c10000080fa00000006000800fa006047980083
:109c20006e409000c400dd0049cbbf000004e0009e
:109c30000200320010c0b300010037000040eb000a
:109c400000c07000804078000134a000014f78000f
:109c50009e407800214798001e4078000024a00014
:109c6000304798009e40780041479800b4cbbf0031
:109c70008e80e8000042eb008001eb0032c0b300b0
:109c800008fa070010479800007d2000010020001e
:109c9000b5f407001e4090000080fa0000000600a6
:109ca0000200fa00004f7800b5cbbf000004a2000c
:109cb0000004e00021003a0048cbbf00e14f500013
:109cc00005003a009e4078006fc06000d2ff070098
:109cd000b5ebb7001a00370061168000f0ff2000d6
:109ce000808060001e80fb004c00dd0001007000e1
:109cf0006016880049cbbf00614060000080fb0017
:109d0000610060004a00dd006116800001a0a10032
:109d10000100700060168800cd62a80000052000d8
:109d20000100200090f40700cd62a900007d200012
:109d3000010020008cf40700010037000000000043
:109d40000080fa00000006000200fa00004f7800d0
:109d5000114798001e41900091b42000824878007d
:109d60001e80fb004400de0000407800ccff0700ae
:109d70001e407800caff07001e4090000004a200a9
:109d80000004e000090032001e407800e14f50005e
:109d9000030032001e407800e24f500003003a00fa
:109da00000882300110020006ff407000080fa00f3
:109db000000006000000fa00496bef0000f82400e4
:109dc0002101200068f4070030c0b300b4ff070091
:109dd00000d420003100200063f4070030c0b3003d
:109de000afff070000902100010020005ef4070093
:109df00030c0b300aaff0700008823001100200034
:109e000059f4070020c0b300a5ff07000088230015
:109e10001100200054f407008040eb0080c2b30022
:109e2000c9ff07008040eb00c0c0b300c6ff0700b9
:109e30008040eb0060c0b300c3ff07008040eb0030
:109e400010c0b300c0ff07000080fa000000060049
:109e50000200fa000040eb00004f780020003700bd
:109e60001e4078000004e0000200320000ccb30085
:109e70000100370000c8b3008040eb00b2ff0700cc
:109e80000040eb00104798000e0037001e80fb00da
:109e90009e4090000181fb007100b9000000780035
:109ea00082004000a0b420000080400010407800f4
:109eb00011c0b300a4ff07001e4090000040e8005e
:109ec000104798001e409000ef4f500003003e00e6
:109ed000b5cbbf000004e000ecff3a001e4fe800e5
:109ee0001e407800e14f500003003e00b5cbbf009c
:109ef0000004e000daff3a000080fa0000000600eb
:109f00000c00fa004007980051079800ce0090001e
:109f100021079800de009000310798000040eb0018
:109f2000004f78003b0037000040eb0020479800ce
:109f30000040eb00104798002b0037002e409000a7
:109f40000004a2000004e0000d0032001e80fb00af
:109f500000004000e40047000080400090007800ce
:109f60001e4090000080fb00008040001040780000
:109f70000004e00002003a0010c0b300204798003f
:109f80009e80fb001e4090008081fb002e409000d0
:109f90000004e0000200320002c2b30009003700f2
:109fa0001e80fb00000040006401470000004100eb
:109fb000100178001e4090000080fb00000041006e
:109fc000104178007108b90000007800830040005b
:109fd000a0b4200000804000024878001e4090009d
:109fe0000040e800104798001e409000ef4f5000de
:109ff000d2ff36001e80fb007100b900800078009f
:10a00000a0b52000008040008040eb0001487800af
:10a010001e4fe8001e407800e14f5000c2ff36009e
:10a020008bff07000080fa00000006000600fa001f
:10a03000404798005147980081b420009140780033
:10a04000014f780042bb200012417800124798006f
:10a05000fdf80700100798004e409000e14f5000b7
:10a0600012003e004e409000e14f500011003a00b7
:10a070005e409000ff4f500004003600de4090002c
:10a0800070c2b30080cf50000a003600de4090005e
:10a0900070c3b30080cf500004003600de40900053
:10a0a000f0c3b30080cf5000020036000040eb0048
:10a0b000400037004e41900081b420008248780073
:10a0c0005e41900041bb20008248780010c0b30080
:10a0d000b5ebb70048cbbf00e14f500009003a0094
:10a0e0004116800000c02f0001007000401688005b
:10a0f0004006200015f807007df80700b5ebb70013
:10a100000800370061168000f03f200000806000ea
:10a110006016880041168000f03f2000008060003b
:10a120004016880023ff070049ff0700b5cbbf009a
:10a130000004e0000200320010c0b3001d00370030
:10a140001e41780081b42000824878001e419000b2
:10a1500041bb20008248780010c0b300b5ebb700c7
:10a160001e009000f9f7070048cbbf000004e00094
:10a1700009003a0061168000f03f20000080600076
:10a180006016880041168000f03f200000806000cb
:10a1900040168800040037004116800000c02f00e0
:10a1a000010070004016880002ff070028ff07002a
:10a1b0000040eb000080fa00000006000000fa00fa
:10a1c0002202200001022000a0b420005adb070078
:10a1d0006b6bef006bcbbf005aebb70071c2b300e3
:10a1e0000040eb0091ff07000080fa00000006002d
:10a1f0000000fa0048cbbf000080fa000000060013
:10a200000000fa00b4cbbf000080fa000000060096
:10a210000000fa00b5cbbf000080fa000000060085
:10a220000800fa000080eb00000f78006094200026
:10a23000300798000000eb00100798001f0037005f
:10a24000be0090001e00900000804000104078008a
:10a250000080fb004800dd001e0f68000040eb009e
:10a26000404798000f0037001e0078000000e00013
:10a2700006003d001e0078000000400080007800cd
:10a280001002210000806800020037001e007800e4
:10a2900000004000000f78004e4090000040e800b1
:10a2a000404798004e409000e74f5000eeff3600c8
:10a2b0001e0090000000e800100798009e0090002b
:10a2c000d00f2000808f5000ddff36001e00780088
:10a2d0000080fa00000006000200fa00004f78003b
:10a2e0001e4078000004e00009003a000000200051
:10a2f0008000eb00c001dd00020020000080230090
:10a300008000eb00000071008180710008003700c0
:10a31000000020008000eb00c001dd0002002000f2
:10a3200000c023008000eb000000710081807100fc
:10a330000080fa00000006000a00fa00881f78007a
:10a34000004f98000e489000e3ff0700008fbe000a
:10a3500032c0bf000080fb00300798000000eb0017
:10a3600020079800120037001e00be004008de00e3
:10a370000040780032e0b7001e0078009000ba007c
:10a380002e00900000014000609420000000410079
:10a39000010878002e0090000000e80020079800d7
:10a3a00022002000030020001e0f41005e9749009c
:10a3b000ae009000f0072000808f5000eaff3600ca
:10a3c0003e0090000040780032e0b700314a800043
:10a3d00080152400808f500019003a00404a800008
:10a3e000e10f500016003a00814a8000200820004a
:10a3f000808f500012003a00714a80004006200011
:10a40000808f500008003200714a8000001920003f
:10a41000808f500004003200714a8000803e20008e
:10a42000808f500006003a00285280007cff070011
:10a43000800f540002003a00100020000100370095
:10a440000000eb00004078004f0478000080fa0024
:10a45000000006000a00fa00300798004107980043
:10a4600000c0eb00b6ebb700462aef00482aef0029
:10a470000040eb00004f7800220037001e407800bb
:10a48000adff07000004e0001d003200504a8000cc
:10a490006101b800604a80008000eb00c000dd0070
:10a4a00000002000000071008180710010079800fa
:10a4b00021079800b6cbbf00e14f400009003200f1
:10a4c00030528000415280001e019000ae01900089
:10a4d0000000510081805900e00f5000e08f5800cb
:10a4e000070034001e019000ae0190003252880037
:10a4f000435288009e40780063bb20008149780069
:10a500001e4fe8001e407800e14f5000dbff360090
:10a51000b6cbbf00e14f400005003200b6cbbf0014
:10a5200085ff07000004a2000004e00002003200e2
:10a530000040eb0009003700209520002208200091
:10a54000800078003e00900074da0700714a8000b5
:10a550004e0090000108780010c0b3000080fa009f
:10a56000000006000200fa0011028000010f7800ce
:10a5700011028000000e200001007000100288000f
:10a5800050052000303b8800a00a2000303b8800a6
:10a5900061e7a800000000000000000000000000cb
:10a5a0000000000000000000013b800000002800c7
:10a5b000008060000000e000fbff3a0061c7a900d6
:10a5c0009e00780011028800013b800000002200fc
:10a5d0000080600000f0a7000000ea000000e90031
:10a5e0004f00de00004078000080fa000000060006
:10a5f0001600fa00100f9800210f9800b6cbbf008c
:10a600000080fb000000e9004f00de00704798006a
:10a610007e40900030ff0700008fbe001e01be008c
:10a620004207980053079800305280004152800042
:10a6300061004000e08048006007980071079800c2
:10a6400032c0bf000080fb00000f98000040eb000c
:10a650006047980002102000f10f20006094200055
:10a6600035da070080152400304a880010002000e9
:10a67000404a88006e009000504a88006e009000aa
:10a68000fe0090004008de0000007800604a88006c
:10a69000ae099000734a880020082000804a880094
:10a6a00020952000220820009e0890001bda070059
:10a6b000dbfe07002052880020042400003b8800b5
:10a6c0001e00be004008de000040780032e0b70007
:10a6d0001e0078008080eb000108bb00a1ff07008e
:10a6e0000004a2000004e00046003a000000eb0075
:10a6f00020079800210037001e00be004008de0041
:10a700000040780032e0b7002e009000800040004a
:10a710006094200000804000900078001e007800c7
:10a720000108bb001e007800f10f20000188bb006b
:10a73000ae009000f003200080806000f003200055
:10a74000808f500006003a0010002400003b880073
:10a7500084ff07000004a2000004e0002b003a0080
:10a760002e0090000000e800200798002200200042
:10a77000030020001e0f41005e974900ae009000cc
:10a78000f0072000808f5000dbff36007e409000f5
:10a79000e9fe0700604798006e4090000004e0006a
:10a7a0000d003200514a80006e009000808f5000f2
:10a7b00007003a00624a80006e009000fe009000a0
:10a7c0004008de0000007800800f510002003200d7
:10a7d0000040eb00604798006e4090000004e000ed
:10a7e0000b003200fe40900063bb200081497800de
:10a7f0006e019000fe0190003252880043528800a2
:10a8000003003700000000000100370000000000d6
:10a810000e0890000040780032e0b7006e409000d3
:08a820000080fa0000000600b0
:020000040000fa
:10a82800900b000020000000000000004a0a000011
:10a838009c00000000000000b00b000004000000b5
:10a84800020000000101010001000000e60a00000a
:10a858006200000000000000480b00002400000017
:10a8680000000000b40b000002000000020000001d
:10a878002701000046090000040100000000000054
:10a88800b60b00000200000002000000ff000000fc
:10a898006c0b00002400000000000000000800000d
:10a8a8004601000000000000b80b00000200000094
:10a8b8000200000064000000ba0b00001e00000047
:10a8c80002000000286e69006c290000250068005d
:10a8d800076c09004c836a009074a0007ac00000dd
:10a8e8008068880000846c0082008100d80b00001a
:0ca8f80002000000000000000000000052
:020000040000fa
:0200000401f009
:04000000ffffff00ff
:020000040000fa
:0200000401f009
:04000800ffffff00f7
:020000040000fa
:0200000401f009
:04000c0003000000ed
:020000040000fa
:0200000401f009
:040010008500000067
:020000040000fa
:0200000401f009
:040014005f00000089
:020000040000fa
:0200000401f009
:04001800f7000000ed
:020000040000fa
:0200000401f009
:04001c00dfff000002
:00000001FF
